VAR_mark,VAR_Smoothed_Filtered_right_TA,VAR_Smoothed_Filtered_right_RF,VAR_Smoothed_Filtered_right_VM,VAR_Smoothed_Filtered_right_MG,VAR_Smoothed_Filtered_left_TA,VAR_Smoothed_Filtered_left_RF,VAR_Smoothed_Filtered_left_VM,VAR_Smoothed_Filtered_left_MG
0.0,8.550456882393397e-06,1.077442354332584e-05,0.0175277183071086,1.224951426837655e-06,1.7168258870003032e-05,0.0020392103074558,1.585985652888052e-05,0.0278155280013773
0.0,2.7872276375646832e-05,2.037257224832857e-05,0.0278630780305464,3.322356531465039e-06,1.9083663428236735e-05,0.0022849569346897,2.865144000855054e-05,0.0114332150172803
0.0,7.078320971569753e-05,2.274661173270632e-05,0.0316502035405343,3.98067459981479e-06,2.138978576904314e-05,0.0034247495283392,4.142221869857468e-05,0.001726753678148
0.0,0.0018290306086046,2.7700190997611284e-05,0.0201947119835228,7.629530680805543e-06,1.676839787891842e-05,0.003238220186346,3.223596666024011e-05,0.0017158124653296
0.0,0.0097132701622778,2.7381590752738968e-05,0.0085865389260652,1.6567368252772334e-05,1.017300946441428e-05,0.002370387599525,2.3393129513059112e-05,0.0011112302260468
0.0,0.0168207537189312,6.0537003701505526e-05,0.0091926093834725,2.2712551426469298e-05,6.723097987836015e-06,0.0004174734031143,2.0575192412475247e-05,0.0009570840444812
0.0,0.0197513936874131,5.277880984335202e-05,0.0113645790298189,2.4927588199529103e-05,5.494381077215389e-06,0.0005635951909496,7.280521691683968e-06,0.0006035737869481
0.0,0.0102034571618312,4.942460805256374e-05,0.0159852095147745,2.6614874251043947e-05,1.4534737580163909e-05,0.0013038932488969,2.4810337858542997e-06,0.0001324908284468
0.0,0.0092456055369369,3.904880028705612e-05,0.015975954639992,5.073855579460783e-05,2.790092488131649e-05,0.0014963068326261,2.912647754567697e-06,0.0001496999311414
0.0,0.0001619083777371,0.000338548127393,0.0168456137288104,0.0001255365684428,4.7273868144010747e-05,0.0016400960984827,8.139134720459214e-06,0.0003899545905906
0.0,3.722421563862355e-05,0.0004092715222828,0.011305874021763,0.0003927629843233,9.612923816884756e-05,0.0010870355609699,2.4220613001920416e-05,0.0008874135423539
0.0,1.815122634311867e-05,0.0004443889903051,0.0084263061898212,0.008413417142313,0.0002069889476534,0.0014226934399612,3.3040562825511086e-05,0.0013704059467307
0.0,1.0090031668221415e-05,0.0002950794647809,0.0052340856951505,0.0086412875157088,0.0064672602092987,0.0011754480415768,3.351128799484681e-05,0.0077684283869372
0.0,8.823601930768462e-06,8.105861037332194e-05,0.0058798552333605,0.0085474876594897,0.0076297935305192,0.0015630975460791,2.1449771037241535e-05,0.024810942750545
0.0,2.4152259052796343e-05,4.582719605935744e-05,0.0043413687082283,0.0012880892989395,0.0076023701581204,0.0016459831743291,9.296045785370316e-06,0.0287695975232523
0.0,7.0741190213624e-05,8.07053440446449e-05,0.0072505694546123,0.0001415580783529,0.0071072346304431,0.0019678808398061,4.10939175805172e-06,0.0259524801358922
0.0,0.0001869842431044,0.0002086734053105,0.0181822067149862,5.620359493665551e-05,0.0002287984141711,0.0061118724506245,2.1554139178093503e-05,0.0119328643836137
0.0,0.0008374421262421,0.0002278465733399,0.0325336258181887,2.7521423370065866e-05,0.0001066948972994,0.0111160665991762,0.0001127727401647,0.0026252346330897
0.0,0.0101986305280632,0.0003820333953576,0.0294227667629403,1.6623675611012265e-05,6.370748163819706e-05,0.0106849378803238,0.0001323738848343,0.0041580714434971
0.0,0.0103534414915884,0.0007792515944495,0.0282180899209114,1.507148771731594e-05,4.8494715365638654e-05,0.0083032265791663,0.0001213422758702,0.0037642763271938
0.0,0.0108200950604135,0.000837278298829,0.0084298649644977,3.57546702442101e-05,5.400856344654016e-05,0.0026327756991413,4.43246580384051e-05,0.0035320459486158
0.0,0.0102650914933639,0.0009000105497169,0.0100318951076033,3.363220745219158e-05,6.257526711204089e-05,0.0090311173500614,1.639592525942785e-05,0.0022530413569608
0.0,0.010009767634241,0.0004166827065841,0.007717214715839,3.734015934670714e-05,5.644520553607738e-05,0.0098369181249634,1.793184313543774e-05,0.0008895952581628
0.0,0.0100901200003977,0.0003604759465534,0.0117048343103797,3.43641354449467e-05,0.0001256141449021,0.027601764370157,3.64025889916224e-05,0.0029470496188075
0.0,0.0100280559491364,0.0003089838170174,0.0168473393356567,4.5345090640673393e-05,0.0002830264998701,0.0264620682986918,5.129048429185591e-05,0.0061158514308579
0.0,0.0122576824265873,0.0003161859093117,0.0164543515349355,0.0006291441836307,0.0071908067964528,0.0295734940291207,7.025334576373299e-05,0.0149103175449789
0.0,0.0300763566255587,0.0010133970012911,0.0159200852193725,0.008730952199913,0.0161053014993711,0.0216772180703249,0.0001267406527874,0.0382993812604299
0.0,0.0316556409330284,0.0010859763627621,0.0134355633743719,0.0171524184776365,0.0212892502662403,0.0151977422717676,0.0001370653114208,0.0500162821681211
0.0,0.0295311850377559,0.0010452875516059,0.0070958695602281,0.0218192024913719,0.0205620267754933,0.0124688218256589,0.0002094548077182,0.0412616162368007
0.0,0.0160908255454171,0.0004755091321828,0.0093350140891616,0.0198383291862352,0.0103657861443775,0.0057815947905403,0.0020796961272587,0.0200601504035581
0.0,0.0075860388401487,0.0001680156719069,0.0197481352365027,0.0248782682313572,0.0004118788234984,0.01750742450268,0.0390092629824302,0.019977093563867
0.0,0.0041950363977332,0.0001840533451822,0.0198533747250451,0.017289459438534,0.0002955140494003,0.0256860557778461,0.0429351066516595,0.0181311776118229
0.0,0.0097445741023965,0.0001864064095782,0.0177854262379035,0.0088163788770778,0.0002478086456086,0.0258399306255878,0.0426868808790857,0.018285677116899
0.0,0.0098585818492333,0.0002300523383714,0.0183018414519652,0.0004676278003112,0.0001683054904964,0.018399951426904,0.0190785686480837,0.0039797667933582
0.0,0.0142270931027506,0.0002698648690181,0.0180889622038585,0.0002002727210627,2.912788979692908e-05,0.0044829671159856,0.0002323562427525,0.0015850329250767
0.0,0.0103565439920474,0.0004807387680283,0.0219126495377255,0.0005866524601807,0.0001440993889174,0.0124796557752292,8.33256181901902e-05,0.0012153706611946
0.0,0.0102217310172079,0.0016611193519013,0.017283264198694,0.0141110829760777,0.0002406626816363,0.0275792745247149,5.703151843689001e-05,0.0015771184187198
0.0,0.0099312403257368,0.0020677393416492,0.0210148477507414,0.0164388489280323,0.0059946623089724,0.0321372563127803,6.096530236457193e-05,0.0017888835987428
0.0,0.0101873171054951,0.0025943193293624,0.0306629006943474,0.0176412905944074,0.0136463093818255,0.0352479269695526,8.281250372739277e-05,0.0067715309460289
0.0,0.016433670102597,0.0013747111479516,0.0267939952473912,0.0179925840324696,0.02154459505976,0.0220130052325768,8.084624684437187e-05,0.0202088730720283
0.0,0.0318944142946297,0.0009738424820747,0.0234694326705453,0.0151591224371452,0.0212213450822373,0.0167328683514642,8.135515927784716e-05,0.0578218394199135
0.0,0.0326867684981321,0.0004660172228826,0.0076489535174325,0.0186993482798798,0.0108545560060058,0.0079909685085147,6.303468481898244e-05,0.0684132291168598
0.0,0.0309827355727626,0.0003850610338023,0.008926609127602,0.0156556246426532,0.0005218733904879,0.0042215920967183,3.342246910046528e-05,0.0564895242397054
0.0,0.014571453269566,0.0007455252415983,0.0118370450441337,0.0183272514164951,0.0003382224986246,0.0062039601597192,1.1509231686696291e-05,0.0450617181791708
0.0,0.0003107563636776,0.0007038847820373,0.0123721200625677,0.0178332224317997,0.0004761338640745,0.0127189772980691,1.6690743070543157e-05,0.029602613657439
0.0,0.0057083564414973,0.0007309501373426,0.0082968018978981,0.009213313672096,0.0017460635601079,0.0125666443799183,1.539295610042388e-05,0.0303065341440203
0.0,0.0099604448902827,0.0003498406734882,0.006402864935216,0.0087031749685706,0.0100275985546276,0.0110449922527685,1.6184265332707756e-05,0.0288921891843959
0.0,0.0101008307478951,0.0007214035017325,0.0046237613886913,0.000170017562586,0.0101670690187349,0.0052903409430418,1.4984978615039454e-05,0.0048993865173037
0.0,0.0182887527023625,0.0013973997907576,0.0134786053630191,2.098478985689608e-05,0.0097624793030793,0.0069256889686605,1.339811183664577e-05,0.004577331792003
0.0,0.0106044515201816,0.001299870975348,0.0147456166143009,1.2586776034992492e-05,0.0007289552415444,0.0200570349534794,1.2975018788911562e-05,0.0052492998213805
0.0,0.0104809538170084,0.0019765052921006,0.0190394803329257,2.410150471217776e-05,0.0002184815639177,0.0288838316258194,9.359209041747093e-06,0.0036636212668833
0.0,0.0088571255570069,0.001612072584902,0.0193131729330866,6.43119633892927e-05,0.0001160413186316,0.0396338923955548,3.550923921517559e-05,0.0036434383818164
0.0,0.0094759159429029,0.0018934753292055,0.0116202144154153,0.0003649303789322,6.0473421704327696e-05,0.0440339566163672,0.000238518617861,0.0119749364962354
0.0,0.0098921678104403,0.0013323784225497,0.009423156688043,0.0094129219050446,0.0001350866214627,0.0500033360630161,0.0002577640433225,0.023054047240637
0.0,0.0141079929081851,0.0010206836079827,0.0046125399105037,0.0096939716666344,0.0001117872322034,0.0385824813913079,0.0002485243897712,0.0388715379748617
0.0,0.0144588501694602,0.0011082833655892,0.0063849243313397,0.0177771037910706,9.983567807536488e-05,0.0119722518721412,4.364769867849392e-05,0.0356115909599507
0.0,0.0100796364488154,0.0009894960541763,0.0070268564804217,0.0174113238447766,1.838675343336474e-05,0.0078722569374746,2.8935653827460584e-05,0.0263115267001825
0.0,0.0097831390348471,0.0009693763961858,0.012793020916326,0.0286377085036615,1.4477441735581131e-05,0.0132125592710709,2.4470225427060676e-05,0.0228321018870226
0.0,0.0040417635250684,0.0008694796791642,0.0134360736373102,0.0254953434268274,3.5383781977609635e-05,0.0171403373792679,3.343035501585143e-05,0.0217434917063131
0.0,0.0096934245670364,0.0003135946739455,0.0197597637868421,0.0200512126315782,5.950659785506055e-05,0.018294235172007,3.013886928910869e-05,0.0217789753591835
0.0,0.0097789184407695,0.0004850278355902,0.0289578514771762,0.0023240111931777,0.0001316291432269,0.0169105500010974,3.2853813225058534e-05,0.0122821764063879
0.0,0.0096706298022747,0.0008137927392132,0.0286822345255897,0.0001116458751657,0.0004847363387976,0.0051731251709157,1.2816141305183548e-05,0.0017353813409301
0.0,0.010387335390015,0.0009532286471756,0.0267563805045658,7.198125773279602e-05,0.012073764553318,0.0070839179214953,1.701606047148851e-05,0.0017579368210552
0.0,0.0103077873561373,0.0011398435259657,0.0171897689184238,9.883014060881254e-05,0.0126405951359741,0.0093506786383745,1.5157086458153258e-05,0.0015059563378996
0.0,0.0104449857855279,0.0009818441856326,0.0177340016232316,0.0002238933416394,0.0243773799394657,0.0279154886679473,3.266222479128263e-05,0.0016499234819793
0.0,0.0106932896901957,0.0017096939319157,0.0204814573210291,0.000629874493548,0.0393208660942409,0.0599016127784447,9.581798559334092e-05,0.002878840968617
0.0,0.0198874460826973,0.0015575324192558,0.0185775866446689,0.0083233701346554,0.0489911062797137,0.0750961265972256,0.0002117997241261,0.0186519878156904
0.0,0.0269664862216215,0.0013099347490921,0.0217666932519553,0.0240493341121501,0.0433431537399041,0.0722996823531354,0.000369782645919,0.0468551551504397
0.0,0.0191639900379609,0.0003679093055236,0.01549170673793,0.0434428159168516,0.0205431334088334,0.0407721380443708,0.000453952110043,0.0644854133577797
0.0,0.0256184225109962,0.0003633592923284,0.0145901351883932,0.0449620893647072,0.0007988727654886,0.019926540146117,0.0007030727624517,0.0592293714379119
0.0,0.0109784710474811,0.000844284956668,0.0117797339267452,0.03016654243484,0.0001507644395269,0.0139894714883799,0.0013054266236149,0.0315453005367002
0.0,0.0103119257211693,0.0083399269407785,0.011959594488282,0.0168841302092143,8.193141288518252e-05,0.0127696916319969,0.0149976733539581,0.0030111231549108
0.0,0.0008556687787907,0.0413285233889098,0.0117732875176874,0.0100591848506167,9.033421993106494e-05,0.0390915429929133,0.0192352561267156,0.0014480696526108
0.0,0.0100768791103381,0.0690688955214023,0.0195815448237367,0.0094059709174073,8.199436714146316e-05,0.0408406586382497,0.0190592668623626,0.0014709133554116
0.0,0.010208755121066,0.0709113572057039,0.0170955633496025,0.0030157467171616,7.521675692816837e-05,0.0379873649667675,0.0136418127267164,0.0014894637896719
0.0,0.0103827606399638,0.039233878681881,0.0159592020788419,0.0001240247123651,1.1213243463340613e-05,0.0087870587457868,0.0009540395757519,0.0016959263870335
0.0,0.0099287115199132,0.0110782864885635,0.0107837364802842,6.4980884332133e-05,2.31032548515989e-05,0.0149313028003856,0.0003672507392512,0.0018180768502225
0.0,0.00961198981472,0.0009912956484179,0.0169686272567826,0.0062515076820076,4.842407917306379e-05,0.0235243376971289,0.0001542339965839,0.0020578621616503
0.0,0.0097773750829225,0.0025176322863217,0.0419521489567464,0.015578393672019,0.0001229426185595,0.0503616113415323,9.244320066046578e-05,0.0024911338672745
0.0,0.0105588053987864,0.0023699506817588,0.0550094101269213,0.0158600312827449,0.0099952715506042,0.0426787115705395,6.473860715547789e-05,0.0054926950190785
0.0,0.0210977097260675,0.002276554018435,0.0666299084081564,0.016195233783556,0.0200602733260469,0.0393566549569434,0.0001722318453348,0.0238516961042534
0.0,0.0265109031398331,0.001012074104828,0.0468083263844311,0.0126798951048884,0.0244951396474438,0.0128410028407674,0.0001732170842734,0.0474440047386889
0.0,0.0231080142846107,0.0004547060493609,0.0327341146462052,0.0199331114503724,0.017826267927649,0.0047595413017701,0.0001616856852054,0.0650489148096048
0.0,0.0210451751982327,0.0041981753097369,0.0155917832806763,0.0299293701383801,0.0111880903778199,0.0028553004413583,6.780688539768673e-05,0.0521723240580725
0.0,0.010228106844941,0.0048753181145054,0.01620261925712,0.0325702897409406,0.0002041700912636,0.0016011008182007,2.1133118568785008e-05,0.0326521522519209
0.0,0.0098362112185593,0.0057044328364286,0.0235259849354737,0.0314127832859666,0.0006591265882719,0.0057957615751138,2.5923701557706316e-05,0.0102163277909319
0.0,0.007873327586001,0.0034461899299111,0.0348085865679797,0.0254712617856945,0.0183571233845583,0.0425271081242924,3.0250147378375224e-05,0.0025020838256767
0.0,0.0095434502072179,0.0019603719245232,0.036031812236504,0.0117214306122097,0.0245797824392307,0.0531730328899786,2.693716734158477e-05,0.0033313129131993
0.0,0.0096792517247313,0.0014077255702728,0.0377711083039428,0.0004397479938619,0.024512662541638,0.0523724077502513,3.562368312099795e-05,0.0042461169778744
0.0,0.0163317725776231,0.001193928860912,0.0223326880294877,0.0002092503491957,0.0131281854844745,0.027975202456708,2.3346239685600977e-05,0.0044072624414784
0.0,0.009598701252103,0.001243801477624,0.014201681455822,0.000352201977006,0.0004466982160089,0.0169021257442424,2.4470866900071843e-05,0.0035040830788575
0.0,0.0095177765817817,0.0011980670773426,0.0137078372524111,0.0046167239917529,0.0001482145112016,0.0385661304150733,1.401907920554164e-05,0.0026329578467466
0.0,0.0075943896153011,0.0007544078407427,0.0144286297534577,0.0098172039273825,0.000103676667428,0.0779759597891692,1.3545967004115049e-05,0.0018299755782533
0.0,0.0100298859688087,0.0007294053811702,0.0158239177724992,0.0161906517595554,9.929887571488296e-05,0.0887447167730582,9.404288603533396e-05,0.0033645167307744
0.0,0.0103536144787989,0.0007015428735127,0.0157179374153234,0.0213186143194439,0.000101458726232,0.090300469314896,0.000157994853701,0.0169162297569339
0.0,0.0102482464059697,0.0004138129001697,0.0115756377086887,0.0212621438300288,0.0001919925330546,0.0456888928673704,0.0004522031225651,0.0257505377581426
0.0,0.0057031386181216,0.0004047355901665,0.0089427554209086,0.0207357047042241,0.0002040663559862,0.0292394843452094,0.0004967844624422,0.0474036523126542
0.0,0.0104421038605699,0.0010090150496915,0.0056912767484639,0.0120377681914757,0.0001983981924044,0.0118080547754447,0.0003943110064084,0.0419008760555697
0.0,0.0104990269201347,0.001727372304973,0.0118455934680661,0.0036671699997521,0.0001309858595326,0.0155462345426381,0.0002215633561895,0.0322784765871441
0.0,0.0102368056924816,0.00244352960537,0.0278956726291641,0.0002218877985581,5.4345807850276165e-05,0.0179653554472798,9.008475390885414e-05,0.0066664386838488
0.0,0.0073518905288595,0.0020640621731553,0.0412948120228901,9.280054375788264e-05,6.182186352167108e-05,0.017027655882857,0.0001195994957563,0.0022593235225691
0.0,0.0098344437252054,0.0015966104655567,0.0441226856517788,5.2882751340797297e-05,0.0001230277782265,0.0117558662173092,0.000104313931392,0.0019522936902694
0.0,0.0099005685157286,0.0010252895254281,0.0312819548910703,3.966120458218074e-05,0.0002492273020913,0.0101347920689032,8.21788488783055e-05,0.0020043839788552
0.0,0.0094755114226774,0.0008028062519878,0.0085797598549186,3.824889019314137e-05,0.0085342750197587,0.0063068866437404,9.001828650929018e-06,0.001572520342572
0.0,0.0099236011751804,0.000916715632452,0.0166438089864879,6.10731150908064e-05,0.0201979915416709,0.0148620549282734,1.0204105930259072e-05,0.0022807330167778
0.0,0.0098995663516991,0.0009867433533246,0.0363673529170372,0.0076061861247722,0.0204577713227516,0.019457084890725,1.2012451981117394e-05,0.0043490141861362
0.0,0.0105847062733065,0.0021479076103888,0.0413923815160792,0.0154251597870468,0.0197958409193707,0.0319462152567331,1.3345043694920778e-05,0.0061552891768369
0.0,0.0107177844659746,0.002474723000627,0.0450155052229029,0.015539919924157,0.0079953324511702,0.0667396255908781,3.626284844617362e-05,0.0089293418790581
0.0,0.0101885979619421,0.0026790439987113,0.0312437089221029,0.014054090043045,0.025808456814561,0.070807455810833,7.101348289342074e-05,0.0354399655250663
0.0,0.0100264437085167,0.001428501395674,0.0199750349786752,0.0007627176055772,0.0315694418471996,0.0683401435347498,0.0001339823486792,0.0598226028634161
0.0,0.0043249817970743,0.0006265647468889,0.0110668396471666,0.0001738237791296,0.0426726848928236,0.0312703865110341,0.0001738561274255,0.0704054730047602
0.0,0.0102490541311092,0.0004793144328996,0.0070271103113235,0.0002311770038136,0.0232992195174596,0.0167381765660338,0.0002447275778029,0.0472230442317895
0.0,0.0102712152289038,0.0010598034858319,0.0123133171585834,0.0019778726598983,0.0110167321284563,0.0222554749534076,0.0005173351418843,0.023054016764449
0.0,0.0100717524072287,0.0011489886957791,0.014066108641434,0.015116953480491,0.0008830243885432,0.0310082771778789,0.0080949581058177,0.0076797097317114
0.0,0.0097698845987368,0.0009422546465164,0.0295991025600741,0.0156271777497258,0.0001569388284365,0.0327574445710328,0.0274626076425432,0.0113842250710105
0.0,0.0102806606705691,0.000812029099275,0.0341791472343954,0.0154227752423419,0.0001088885965071,0.0184894789732522,0.0319635228436441,0.01415476714315
0.0,0.010420979508522,0.0005695966385271,0.03389337875886,0.0040135057311822,0.0001630698630285,0.0109634225946792,0.0302452995326161,0.0146654349000646
0.0,0.0144434207119901,0.0016266621067645,0.0306551301398878,0.0001721266777814,0.0006480563002929,0.0048857872148433,0.0135601189255728,0.009103307939013
0.0,2.538076118735412e-06,5.870364139259765e-06,0.0003500006182187,0.0001257239581873,1.4379792866954612e-05,0.0003245129112948,1.538860171828115e-05,0.0163103588938423
0.0,4.06130511035243e-06,6.613419052065471e-06,0.0003817661556991,0.000127939471436,3.144862240624817e-05,0.0006951522449906,7.98899816841481e-06,0.025577929429468
0.0,1.005676450759876e-05,7.829566192313734e-06,0.0013723776488693,6.313290584234496e-05,0.0001002693880495,0.001194043052773,3.934937575312645e-06,0.0303158250919462
0.0,3.13367897309455e-05,1.633045292995595e-05,0.0037662391940029,8.280446093640685e-06,0.0056595535418684,0.0020388057997685,3.2082044545888665e-06,0.0218013304025703
0.0,7.134451157926308e-05,3.391848978675032e-05,0.008752213540987,6.125824337067907e-05,0.0112657393931313,0.002173029153416,6.490304800169234e-06,0.0176107439018075
0.0,0.0001555683805917,6.066271659187487e-05,0.0093586930170476,0.0003563018389682,0.0175781488240165,0.0025367757080118,7.800543574699044e-06,0.0131957250963196
0.0,0.0072322532757194,6.270080027480013e-05,0.0191184746816474,0.0004492166562929,0.0157643407338676,0.0023875567716939,1.0957991629822467e-05,0.0133521570703154
0.0,0.0112067471318017,5.000569398044882e-05,0.0183962278018724,0.0004634946677021,0.013429359423764,0.0036339449745028,1.4100995377206664e-05,0.0100353709405342
0.0,0.0184006237973061,2.0197859040022727e-05,0.0148242841110911,0.0004042322546233,0.0093246596940327,0.003065157036655,1.109560060034398e-05,0.0029619262894265
0.0,0.0216311795218344,9.8731813939968e-06,0.0161266339145379,4.966796109800423e-05,0.0064307373225404,0.0035687148122972,7.229224538474047e-06,0.0014026703748754
0.0,0.0106234093418474,6.285910728987093e-06,0.0101568845817624,2.22569178755424e-05,0.0003452841796634,0.0028274199597066,4.458565004689104e-06,0.0005841292012045
0.0,0.009369352019156,3.189554829227913e-05,0.0121350176440496,1.721776661446396e-05,6.166514589575339e-05,0.0121222531457443,2.7142070896213025e-06,0.000679112646803
0.0,0.0002332882666752,4.441977204870565e-05,0.007573222649171,7.092679116924722e-06,8.908136025379112e-05,0.017092217940973,3.515848924787138e-06,0.0007138631989234
0.0,6.889224929206554e-05,4.5680305307085246e-05,0.003922952026181,8.100455328431516e-06,0.0027162860226653,0.0194888957692308,2.9136018613674e-05,0.0008384121974151
0.0,4.054224533745085e-05,4.132202716345621e-05,0.003064323002209,1.7420642497999434e-05,0.0063445238596576,0.0182053193965378,4.225285698590583e-05,0.0275124599750743
0.0,3.0422295141308787e-05,3.829650783644717e-05,0.001729646488617,6.701491206589616e-05,0.011251169535609,0.0121119527007093,6.877307113221856e-05,0.0589304550909302
0.0,3.3127641822212215e-05,6.417468556219302e-05,0.0021178388074245,9.943639221117932e-05,0.0132174920443563,0.007234038251311,5.594701282050698e-05,0.0708650302667908
0.0,4.340100531194674e-05,0.0001710167218409,0.0023846018383149,9.023072013571268e-05,0.0070277942743641,0.002445315296592,3.149915497705753e-05,0.0572908123522377
0.0,0.0001144876463366,0.0002599532449963,0.0020198820930958,8.269865109558649e-05,0.0066645546036986,0.0060130554533569,6.746939759170376e-06,0.0316373066596896
0.0,0.0001781446716804,0.0006314181993595,0.0030000328202766,1.6700285208073636e-05,0.0063454188137197,0.0127231527639946,1.5305379472401092e-06,0.0028943197819694
0.0,0.0002482000147687,0.0143683727185417,0.0161293931113168,4.1536437836392105e-05,0.0167931648964266,0.0177667560056413,9.422444241005797e-06,0.0028019939655057
0.0,0.0096956012170088,0.0400920426707512,0.0192026294512971,4.83255301037876e-05,0.0227537592735936,0.0274339013725264,1.0871068156987224e-05,0.0025409498717049
0.0,0.0102941440962361,0.0414880736278847,0.0194244352670254,5.790573376586446e-05,0.0213000835568703,0.0209834884521538,1.150650072310157e-05,0.0058538487254515
0.0,0.0102442663961069,0.0331963173830124,0.0077472236147185,6.63021153454326e-05,0.0137152251397557,0.0192287783084202,7.898497200076386e-06,0.0063599042040906
0.0,0.0038408333182376,0.0064907899062003,0.0034947157399582,0.0001186933063317,0.0090866207086614,0.0057620353025359,5.258778420258833e-06,0.0067985816283481
0.0,0.009889923617245,0.0005660718826885,0.0056222418505807,0.0002739404286734,0.006772914977843,0.0079662251030562,5.097190854454646e-06,0.0048588328673303
0.0,0.0107593225631111,0.0002572559059081,0.0077390083009513,0.0055987490488941,0.0015145555888907,0.024276115791055,5.18117898365231e-06,0.0031820907923805
0.0,0.0211544938288715,0.0002386804477698,0.0176811752952459,0.0057242612498252,0.003765592633737,0.0270642572829665,3.2890106608983893e-06,0.0032300517421528
0.0,0.0144318287695885,0.0002551711861988,0.0173306126328084,0.0056953980740529,0.0064409045916146,0.0286374861695914,9.199741980120378e-06,0.0047297355109712
0.0,0.0106228723134713,0.0002503106417463,0.0152766363865832,0.0009896652904304,0.0121372127821774,0.024968083531287,7.706997225513135e-05,0.0198471022908976
0.0,0.0147629423525083,0.0001175741919684,0.0050129337093105,0.0001864636023248,0.0125770845489453,0.0159067655655013,9.529036908357912e-05,0.0515467794416643
0.0,0.0102507090179472,0.0001191648647095,0.0032382708497571,0.0001601915217358,0.0061171245155982,0.0137602382447917,0.0001247249937451,0.0549708438797497
0.0,0.0102713912439191,0.0002490104407108,0.002944828892719,0.0001301459997372,0.0046195537218669,0.004522467481411,0.0003269871673016,0.0428655631345879
0.0,0.0077480918733367,0.0002799945464156,0.0043911818353701,0.0001046489281055,0.0001787799845601,0.0124660303072787,0.0139828730824723,0.0120452590886589
0.0,0.0044828287787238,0.0002807601365181,0.0157572947919655,2.6716201241522388e-05,0.0125802784476211,0.0229288282285869,0.0190751432902445,0.0025716579321581
0.0,0.0109009233105794,0.000216255293432,0.0183354242368604,3.486966571551832e-05,0.0178356970215433,0.0238641561338218,0.0190353195616963,0.0028318461973569
0.0,0.0109380221828978,0.0001137637486821,0.0226379770340398,0.0001184364930318,0.0180278709472754,0.019522521789536,0.0099073418767848,0.0049757287205204
0.0,0.0105788144558294,0.0001345993917519,0.0184524262735072,0.0092459482641595,0.0153806673211374,0.0054038649467722,0.0002147387956376,0.0048894139231683
0.0,0.000581274520844,0.0001615966251825,0.0102343419101465,0.0273869488496758,0.0108128799826051,0.0233011296786723,5.959785758811294e-05,0.0030625761421011
0.0,0.0101856376164385,0.0003313469735455,0.0228871867360953,0.0310473606105728,0.0103500568505063,0.0421585942575735,6.0250561754607066e-05,0.0034187271142469
0.0,0.010279170675225,0.0003854177687167,0.0424166806471795,0.0296664740803374,0.0099297788362036,0.0475412644862908,7.687525027810371e-05,0.0042538411291825
0.0,0.0103644751679946,0.000356666450266,0.0463622759435917,0.0114390054603369,0.0066951526629862,0.0345248411417319,0.0035596155327097,0.0060824357242277
0.0,0.010619984118697,0.0002120541043044,0.0395132736027028,0.0001771952688684,0.0065781699405848,0.0112863077035888,0.0224905550503577,0.0335081670454463
0.0,0.0103102049854444,0.0001698228563711,0.0092486105579683,7.528110496036034e-05,0.0125787633649492,0.0080061166921877,0.0279379580745895,0.0555214436395794
0.0,0.0179192935243909,0.0001389188422251,0.009166259531407,0.0007008988781954,0.0144844541791759,0.007174683016164,0.0340571192579304,0.0729821829587032
0.0,0.010615820727694,6.957492699749767e-05,0.0062135263262548,0.0006676580815013,0.0205299792340935,0.0055184961530858,0.0173152357208827,0.0671984562026138
0.0,0.0100906467684018,8.957331290069983e-05,0.0064942325668586,0.0006857970282971,0.0188384695665798,0.0024907719982629,0.0113788266961241,0.0395309367418559
0.0,0.0089002804785512,0.0002303848385103,0.0147596922394688,0.0001746118725405,0.0135457654849193,0.0022069905606012,0.008935904865924,0.0155324433522367
0.0,0.0047304204670132,0.0002607912677876,0.0323125427835287,0.0001753502529403,0.0095315393631248,0.0042648690198544,0.0187121174811785,0.0081793341216119
0.0,0.0101605867197693,0.0002951760427583,0.040615748294546,0.0003843741157423,0.0135394160725522,0.0042163914201521,0.0190159158153711,0.0060680667658176
0.0,0.0102790259482162,0.0001788358646345,0.0444143005598515,0.0009592082014903,0.0083340915570182,0.0037858806187538,0.0140368070554379,0.0054308077468162
0.0,0.0138472653487267,0.0001286310138197,0.0434088705297992,0.0214805785268962,0.0168044314508752,0.0022358282545481,0.0059856119102255,0.0061135379643409
0.0,0.0106690816758854,0.000131897725168,0.0242516550781094,0.034732549010632,0.0115140831467121,0.0220361479622026,0.0001701412416343,0.0032842180976422
0.0,0.010609801204924,0.0001211568959302,0.0197389663585906,0.0347708854011003,0.0114525161524441,0.0254621931377462,0.0001183785973608,0.0050142837716435
0.0,0.0134802279362623,0.0001107295631021,0.02150193644643,0.0184271095638274,0.005246539153145,0.0291373511439872,0.0001781553852858,0.0095989850632294
0.0,0.0105593070458275,9.238557576039824e-05,0.0150075829258544,0.0010861377048939,0.0047491695290808,0.0315661706831975,0.0004836780269875,0.0098172049231628
0.0,0.0103953410858399,8.70492991966349e-05,0.0123774848546449,0.0001643618383159,0.0066044187661083,0.0361736994419134,0.0166641937281108,0.0113385152477038
0.0,0.0205562456448089,0.0001190797706087,0.0096522357426616,0.0002851384345684,0.0066648971083134,0.039006056337496,0.0201412570277209,0.0349085307398807
0.0,0.0108055048565924,0.0001639226821002,0.0041006365499565,0.0071344887319281,0.0108500452860431,0.02758177351964,0.0200597308329246,0.0620157320278767
0.0,0.0107876164396268,0.0002294079366753,0.0023003220423804,0.0072314137841747,0.0066461762807607,0.0098508373010915,0.0105471827004479,0.06179740248746
0.0,0.0035826138662929,0.0002113695290542,0.0019838727046043,0.0071720815156204,0.0065521823687925,0.0022432950520736,0.0002737958831322,0.0434274825145752
0.0,0.0003374897686251,0.000176071721988,0.0246686703672158,0.0006927453039686,0.0084606643393192,0.0023030335265201,0.0066264776307077,0.0081796882267884
0.0,0.0005901786012668,0.0002320024610848,0.0527671433454082,0.000106232682934,0.0068809914001926,0.0038509626350732,0.0166539601531751,0.0056785998742634
0.0,0.0103050206480559,0.0001749203573342,0.0637499358770509,7.79489800732527e-05,0.0145013653591331,0.0059772850066416,0.0175210862155269,0.0088279317313608
0.0,0.0103584090857015,0.000207709414886,0.0550835228581411,6.212766605726544e-05,0.0179321082227716,0.0061150767568087,0.0158115357493733,0.0099526512460164
0.0,0.010401668424076,0.0001827200860984,0.0300199218966413,5.148383970456534e-05,0.0182159795506407,0.0053130579819377,0.0049860096857489,0.0099171202397694
0.0,0.0101050562232696,0.0001489659991249,0.0079256155983415,2.986792378185561e-05,0.0157311105618316,0.0332893640888016,4.084520008516846e-05,0.0040543555269301
0.0,0.0104181622648574,0.0001727067879528,0.0084040436727833,1.6483531771149567e-05,0.0194194475283507,0.0353410193479641,4.059137691681077e-05,0.0057779603594881
0.0,0.0104142876540187,0.0001494697922334,0.0167117198401405,2.1831215625275557e-05,0.0133948579271932,0.0436735588361767,8.114477358453803e-05,0.0063013470883842
0.0,0.016328166887233,0.0001451300491587,0.023987312020328,2.1879857593957608e-05,0.0185567856932268,0.0343552536677582,0.0002210208209012,0.005045800535831
0.0,0.0102668604123079,9.48694342122906e-05,0.0274353653171497,2.192151391502197e-05,0.0084305944110907,0.0451521172008239,0.0055167492886183,0.0133144090070418
0.0,0.0102831914528024,9.027622030959412e-05,0.0239381873039428,4.04696778033187e-05,0.0119579074683479,0.0413354872679605,0.0239680306593433,0.047279899472422
0.0,0.0012477200732756,7.863383161726552e-05,0.0081036304234498,0.0002259460329446,0.0120468769180837,0.0299838062818833,0.0370586105000968,0.0638070339668457
0.0,0.0081518943109053,7.237769455760532e-05,0.0030391656873616,0.000223879384214,0.006669764335857,0.0129019945695458,0.0369243046640281,0.0630927941660879
0.0,0.0101712611078308,0.0001913252909758,0.0031482111672475,0.0002014137373116,0.0056468781380321,0.001855820992325,0.0172899869722924,0.0335826692083319
0.0,0.0101847869569748,0.0002268673408564,0.0121952516857683,2.224670240359765e-05,0.0002286737679819,0.0022729520248056,0.0102887017116377,0.0081487734778378
0.0,0.0130918283816322,0.0002609028481353,0.0326559775516649,3.675607089482742e-05,0.0065495756130884,0.0043184987355501,0.0198040153780471,0.0028097888320391
0.0,0.0101687041891634,0.0002011606461696,0.0346142228762531,6.36386618023022e-05,0.014892467376303,0.0062162123219105,0.020382351486117,0.0013093623565302
0.0,0.0101298907104392,0.0001027195209765,0.0342152169550815,0.0001018786632146,0.0179453275880286,0.0067364955819614,0.01569164182719,0.0013971321951398
0.0,0.0149187889815836,8.800726554617968e-05,0.0090244225663208,0.000203424051427,0.0176497699774277,0.0089349461424271,0.0072943584768291,0.0018523745410555
0.0,0.0107162020947912,0.00010732895979,0.0041299511964232,0.0004054358285463,0.014442919521077,0.0371286832601467,0.0002503039244649,0.0018843801470099
0.0,0.0105969307282926,0.0001400745554646,0.004928219317376,0.0031559686679265,0.0147940774947612,0.0465255777039082,0.0002057078604213,0.0048664121719917
0.0,0.0102498311805403,0.0003331799628132,0.0163671317623599,0.0097802883550022,0.0140651433421119,0.0498617045735964,0.0003126781677106,0.0088965370140204
0.0,0.000267096517885,0.000395881521603,0.0379532404575197,0.0098161765492025,0.0185089932551135,0.045628591626454,0.0076767485220408,0.0130686177557408
0.0,0.0094042789953986,0.0003617185698091,0.035955012951064,0.009190396847857,0.0130895431977685,0.0434897034614011,0.0195276653997721,0.0130673543826794
0.0,0.0100590275714119,0.0002163728950254,0.0285801713236177,0.0005672471086889,0.0132755363504333,0.0431565982775547,0.0299723074655024,0.0130285617462864
0.0,0.0100217099338409,0.0002562128848486,0.0049595377079332,0.000381836373577,0.0074289242246876,0.0397916881288195,0.0293172055961898,0.0163826882895486
0.0,0.0130905590896766,0.0003886460842182,0.002928934270232,0.0002549223693503,0.006855806128266,0.0149688302550554,0.0168276124813404,0.0161552310016313
0.0,0.0095297415219814,0.0008976323337567,0.0042782073754796,0.000222142477472,0.0003076055190709,0.0076059986792015,0.0020933595171935,0.0123344550053414
0.0,0.0096593414401726,0.0035792415839714,0.0210892193648081,0.0001187418535204,0.0048844692886016,0.0092207389858373,0.0002357068103364,0.0034598552509655
0.0,0.0182500497901231,0.0311753104212689,0.0367631609961832,0.0001016976548817,0.0066512864756028,0.0088604835872464,0.0001191531595964,0.0015211542037041
0.0,0.0103867202136639,0.0464680464328645,0.0383416976556432,9.138843965522724e-05,0.0130075727286011,0.0054074532196444,9.588834141932155e-05,0.0020859284976323
0.0,0.0102276523574661,0.046134469213934,0.0305755565298375,0.0001303206293139,0.0178000042377249,0.0043327111543558,0.0001372827119723,0.0017898200152257
0.0,0.00893841456451,0.0234224301601951,0.006333171826027,0.0002967243221277,0.0250526218462637,0.0103949299689499,0.0107597780592796,0.0019405531785349
0.0,0.0099743178900799,0.0019509687924873,0.0042678131417232,0.0009586776813345,0.0250982020391295,0.0416060651338796,0.0186816276884156,0.004963654395649
0.0,0.0101639731043844,0.0008787340075682,0.0085715448261222,0.0250194275443163,0.0224529194457822,0.046101640697573,0.0189565084112803,0.0063768218238235
0.0,0.0102323255073354,0.0008656249214442,0.0188115443505736,0.0356369625094693,0.0185491381158073,0.0445224701870085,0.0144842420723722,0.0078305349822353
0.0,0.0121071261591349,0.0011073583413663,0.0431953378985106,0.0358066598711203,0.0169630467746784,0.0246911722520223,0.0129446671170568,0.006875309424642
0.0,0.0301287047057985,0.0009831621036556,0.0442268704903988,0.0180494411428237,0.0206514964779963,0.0346111998321199,0.0191056370497161,0.0128730871588603
0.0,0.0310358094726017,0.000544590258783,0.0400379380407959,0.0021818839934144,0.021074346186874,0.0429796853970878,0.0353078786438809,0.0233075338518543
0.0,0.0247501736614506,0.0001340751085277,0.0296093497410659,0.0137107532464908,0.0202416993249028,0.0388527169550058,0.040397113684203,0.0489923005452245
0.0,0.0161995610686806,0.0001107524789022,0.0264162212497676,0.02064853224389,0.0086380047096232,0.021501789969017,0.0323447553912795,0.0456737010588775
0.0,0.0174813903392527,0.0001382086386632,0.0219988894098136,0.0286163849104847,0.0017409077628117,0.0045097957822134,0.0152780303612639,0.0371046079591172
0.0,0.0301472946388351,0.0004594534278125,0.0080567463834636,0.0402221797653809,0.0074564993412222,0.0062578989993467,0.011900871225783,0.041219068615536
0.0,0.0364848305718444,0.0004568792177867,0.0127740927295629,0.0247023203351691,0.0168158741757475,0.0193748108419328,0.0177890808633264,0.0355443068559769
0.0,0.0293155335729818,0.0004415539418076,0.0203495774077781,0.0155953597701133,0.016899187248694,0.0206815225926203,0.01776383280607,0.0345294763458794
0.0,0.0106212364376466,0.000378689086937,0.0189441611638779,0.0069262493911803,0.0165487152709044,0.0188259118641082,0.0125745594026142,0.0121512144148946
0.0,0.0060600772996733,0.0004210991054918,0.0144019517474888,0.0001956800933486,0.0068382095755301,0.0109679039250607,9.438819569265872e-05,0.0089657659757545
0.0,0.004585746883664,0.0004483637736274,0.0043730848472256,0.0004870301812522,0.0063855357059038,0.0177469303729597,2.6741470221495463e-05,0.0102208764825111
0.0,0.0103134272210099,0.0005636750120934,0.0067351044561094,0.0135165301395129,0.0062212225896414,0.0260561312068315,0.0001031464036231,0.0113241003196639
0.0,0.0103949226977977,0.0005767518330794,0.0257412862329687,0.0275678622013885,0.0065034372066386,0.0348451773529749,0.0012503478545082,0.0144737936936533
0.0,0.0100481520869654,0.0005498141366882,0.0336081667301498,0.0275689926759192,0.0139393229555248,0.0485838307587756,0.0098526930839071,0.0106961974336787
0.0,0.0098366873626116,0.0005042200401044,0.0419890455189053,0.0188221383137692,0.0205883824095395,0.0492204920912937,0.0236423991227689,0.0121081155151432
0.0,0.01030155049613,0.0001384785529166,0.0281109884350051,0.0008593229087736,0.0192175309483323,0.0403707989979448,0.0368609577827458,0.0211392220984476
0.0,0.0102800750872488,0.0001012145031684,0.0114383972116723,0.0004069379311563,0.0091200639334987,0.0176463017984079,0.0270927212080166,0.0232132492214462
0.0,0.0150777265293445,8.077764543267932e-05,0.0030031142387963,0.0003218525364459,0.0122033706996301,0.0041304707664414,0.0171433858223769,0.0224363989224738
0.0,0.0099701889746371,0.0003694021383078,0.0040884887630111,8.935941493425918e-05,0.0066018580126036,0.0053816240355698,0.0015160418769022,0.0131668430698098
0.0,0.0101473467925749,0.0005360589577824,0.0329153939804443,3.897161463065026e-05,0.0067279089582796,0.0072134899476539,0.0001947206029364,0.0015224172044882
0.0,3.479639988200524e-07,1.0238135337809e-05,0.0002357902434829,5.3489631299503925e-06,7.109879232457903e-07,2.8003608686373317e-05,6.947948632824869e-08,0.0046118786012893
0.0,2.923575704287458e-06,0.0005302466402258,0.0005973920218376,1.610120873355854e-06,2.1954029764100363e-06,7.281391118314214e-05,4.554588777272299e-07,0.0151200001220407
0.0,4.369928510385041e-06,0.0012978484417246,0.00073526700058,1.212690797314101e-06,2.364052136600582e-06,0.0002437665704263,8.355683214230602e-07,0.0338619218925696
0.0,5.01666461248076e-06,0.0014307415007091,0.0013836722570233,1.8135866382055329e-06,2.219992755743784e-06,0.0002796674872884,9.266744603453085e-06,0.04211426276303
0.0,3.0781158982663665e-06,0.0011329811092301,0.0011258623131569,2.252662607815428e-06,1.95120869146776e-06,0.0002654081683035,5.3874244944762e-05,0.034370627539125
0.0,2.868350238783565e-06,0.0011303577671247,0.0009292741681435,1.5244661587766457e-05,1.0874694855411926e-06,0.0002226431806932,0.0001330963544878,0.0423031836810226
0.0,3.977333367814584e-06,0.000510667640395,0.0010602722465654,1.995294644842449e-05,1.8378843246747012e-06,0.0002315477140804,0.0001752375467705,0.0356453002210149
0.0,1.5685409415135715e-05,0.0007814437631211,0.0018929230344517,2.253761156165955e-05,1.901194788530476e-06,0.0002608502475244,0.0001928632952089,0.0382916851922208
0.0,3.749868222438152e-05,0.0017218582433984,0.0023349935584885,1.8607800667883915e-05,1.945393049161457e-06,0.0024053027006725,0.0001135668348098,0.0243319395867303
0.0,7.880540569797467e-05,0.0031009580345855,0.0086419969048569,8.0916340608028e-06,9.458429442634765e-06,0.0044812694907675,6.685334239533641e-05,0.007686764681379
0.0,0.0001782216004146,0.0030344000417085,0.0129869918849062,3.0220581359631915e-05,1.4498497744992943e-05,0.0064845036897178,0.0002697777279475,0.0016172412795076
0.0,0.0101310711417526,0.0043001054309176,0.018877543934277,4.198168134520542e-05,1.443916785000847e-05,0.0074868988822174,0.0004022874739757,0.0060730030365238
0.0,0.0108703777976101,0.006704734005032,0.0152742694186481,5.150473149483856e-05,9.806313222424743e-06,0.0051804566588261,0.0003976101368118,0.0091183947825688
0.0,0.0178671040878136,0.0104210390106595,0.0106717003860956,7.10553092380239e-05,2.8761294222839014e-06,0.0039521199027245,0.0002890084890416,0.0098551047728771
0.0,0.0164925838592598,0.0107950058216543,0.0088682169243343,5.7579542524803726e-05,4.983832215359207e-06,0.0023818165424619,5.1242950916701e-06,0.0049687691963122
0.0,0.0109695246563447,0.0109213044015728,0.0044328549698193,4.518934859472608e-05,9.762425149821107e-06,0.0130879664363682,4.557357212938114e-06,0.0025024862607876
0.0,0.0104576900546164,0.0158639710481952,0.0050962786091265,1.5442624315282715e-05,1.4086992907674191e-05,0.0195354442927952,1.2827079456025836e-05,0.0012375179413382
0.0,0.0002253667369129,0.0162246317618887,0.0040170661685475,2.8048255788868734e-05,5.893039678850154e-05,0.0204963882488921,1.8237636657355025e-05,0.0022902220403988
0.0,6.58792420893979e-05,0.0156774147322656,0.0022386323126487,4.37032692005767e-05,0.0050431473769331,0.017264740971724,1.6157387745566183e-05,0.0055578358120639
0.0,2.346150389118201e-05,0.0060278576346073,0.0027067741836706,8.86982068920574e-05,0.0067951494946059,0.0042135782172947,1.7514406070167124e-05,0.0399000558826699
0.0,1.4007719825114631e-05,0.0031736034523119,0.0033555710621905,0.0001455874240815,0.0108013006482688,0.0025426620819431,1.0781478230636194e-05,0.0469423621019099
0.0,1.7122396433899237e-05,0.0283087280269217,0.005265777706798,0.0001412738584442,0.0070014591932117,0.0021234360027743,1.1817905267049428e-05,0.0484777702268662
0.0,4.4829211065995126e-05,0.0350373897415001,0.006751439877336,0.0001331104539401,0.0051907466016483,0.0218071516322139,1.0459959684214866e-05,0.0266506850382684
0.0,0.000144372130475,0.042705858450131,0.0095000968147086,6.733639289364396e-05,0.0049399312245221,0.0571394565120663,9.456525390014749e-06,0.0082184268565043
0.0,0.000476987559926,0.0362071536502818,0.0308505942685217,0.0002635896311378,0.0088090089160869,0.0676823952408445,3.35309470565273e-05,0.0353924057769491
0.0,0.0109168414298904,0.014603266576876,0.0290728707143514,0.0002915595677991,0.0101020105017254,0.0657748083959299,5.8575085990373406e-05,0.0370071072377776
0.0,0.0110879465443521,0.0075560302290102,0.02597412749656,0.0003133431051359,0.0078165452284632,0.0227359176143772,5.445086325520294e-05,0.0353449385511192
0.0,0.0186740902941034,0.0036532430600996,0.0040024869026844,0.000201176552918,0.004654145931889,0.0065076384606097,4.2846686001151686e-05,0.0106490288254126
0.0,0.0114984239331541,0.0080272348270475,0.0020871519349787,6.52611890934983e-05,0.0136380944923695,0.010662337452099,1.3915286301458223e-05,0.0014117082539212
0.0,0.0111024852271766,0.0117903792541571,0.0033455397162262,5.0805776574276034e-05,0.0156451005149376,0.0124706384085376,3.021061756236173e-05,0.0018171703676253
0.0,0.0099899920065118,0.0247123686802176,0.0035468034277748,2.928136903155061e-05,0.0156129746280254,0.0159852244447114,7.331756439911431e-05,0.0031126247658297
0.0,0.0076636539263296,0.0224799055714924,0.0038175399911257,1.178991385413621e-05,0.0099340721509799,0.0212703203814546,0.0001680719826312,0.003670542904688
0.0,0.0142117158403327,0.0180635258123331,0.0038720827391055,8.301435911695484e-06,0.0055847166532344,0.0182392190746121,0.0004768968767012,0.0067702094412407
0.0,0.0189992808396766,0.007727167826782,0.0054646161446749,2.564021159692832e-05,0.0111474310827213,0.0217646929136404,0.0066993994628366,0.0140991574277093
0.0,0.0185109236695109,0.0025227895301876,0.0067926109637447,0.0006193356600201,0.0111907071044433,0.0167062348917343,0.0068886516084918,0.0375049389359008
0.0,0.0085673467243422,0.0086087800143582,0.0078285326276971,0.0006301926776848,0.0064609139219925,0.0103779100252378,0.0068018841379588,0.0366757887787364
0.0,0.0003416838437996,0.0128760049235089,0.0069781468696203,0.0006180395544979,0.0091843286592761,0.0209210532718999,0.0012568193123602,0.0308972462498493
0.0,0.000224535318582,0.0171942301914833,0.0133153008911593,3.829713226877522e-05,0.0168811530162566,0.0192517864496362,0.0001952317615134,0.0214132531472131
0.0,0.00306778028735,0.0174075769416174,0.0292529126732343,3.0189648954553437e-05,0.0292437751905799,0.0196887529841676,9.943892592652018e-05,0.0357590149073657
0.0,0.0094682147321717,0.0137831980363454,0.0392859040928631,3.949743013737932e-05,0.0280049186305931,0.0150528166333653,5.194496401332572e-05,0.0370177355566651
0.0,0.0096263883731348,0.0117452628965946,0.0362080603167885,6.955215678894306e-05,0.0181729962855027,0.0043474531676845,3.329267060840605e-05,0.0318618600835354
0.0,0.0167502371639782,0.0065848989990971,0.0217530113684099,8.558640037868336e-05,0.0083301876667675,0.0041323928120453,5.834770635274754e-06,0.0059548972043589
0.0,0.0109901622591643,0.0060220081655091,0.0034636082321271,7.07008812051514e-05,0.0063663238738369,0.0179750633375264,7.602403510037156e-06,0.0010986236162711
0.0,0.010643518067166,0.0127948305107703,0.0039306062929765,4.746550063864547e-05,0.0101957975893368,0.0559226181044504,8.101269070232606e-06,0.0008896680693161
0.0,0.0096300786315265,0.022205628117675,0.008901755391688,4.126827081963372e-05,0.0100188192128774,0.0723570697265028,8.186794968261126e-06,0.0021252953815551
0.0,0.0002541775264327,0.0233976272320539,0.0077214997620691,4.143364186386685e-05,0.0050797479720064,0.0717067720104012,8.278090514081549e-06,0.00518229622292
0.0,0.0007814427596887,0.0232946782874073,0.0082462296183878,4.470499517758144e-05,0.001820863770443,0.0345905647321536,3.673215892691366e-05,0.0179845804253309
0.0,0.018052143324012,0.0138915144914075,0.0062280877923711,0.0009409577933385,0.0058090081501317,0.0254095641256192,5.092043199809207e-05,0.048324685856025
0.0,0.0194005310663289,0.0074146560910444,0.0040251524735281,0.0011608563143767,0.010627033815863,0.0074987118101476,0.0001087172733304,0.062622787467574
0.0,0.0195518224721789,0.0326836660265321,0.0037007557738645,0.0012233302117582,0.0105640820280613,0.0054466606625583,0.0001407159370924,0.0590035427493037
0.0,0.010673769157258,0.0588179267233489,0.007653398714373,0.0009547925174935,0.0049833827627236,0.0079595086700435,0.0003849543351707,0.0280776354902613
0.0,0.0051855327255182,0.0679733862754053,0.0171331087201517,0.0001639362446317,0.0068345550636591,0.0080004583545434,0.0155778120949107,0.0209157505978715
0.0,0.0111553427544235,0.0534878119465006,0.0436115188099238,0.0001360967438102,0.0168773886688824,0.0093986580399907,0.0175966054719755,0.0314495502358115
0.0,0.0110709188384738,0.0164781709568545,0.0408623487256678,5.828739081671105e-05,0.0206652334364367,0.0104202790300147,0.0175430721712898,0.0314056168960365
0.0,0.0108592068764198,0.0077833560953611,0.0321818258936278,0.0001039684246564,0.0158466224892609,0.0094989597925487,0.0086614981129053,0.0174411277969328
0.0,0.0112666883010407,0.0052860487837062,0.0102664148381359,0.0001828465057296,0.0097713596443577,0.0079455213013698,0.0001292441895455,0.0066268528428226
0.0,0.0111417146186524,0.006183959089801,0.0059274909987956,0.0005252235550526,0.0002526884996623,0.0086731449583172,5.464799675323145e-05,0.0052819856979655
0.0,0.011185893769004,0.0279388799521362,0.0101891445955291,0.012970426590505,0.0001283712227975,0.0074831005316812,9.14148907786471e-05,0.003380708912038
0.0,0.0090538164318083,0.0370344783353088,0.014408718773095,0.022300318615906,9.704874853245988e-05,0.0078866303096013,0.0002980236870554,0.0054116837668248
0.0,0.0096548159612764,0.0401570426733366,0.0122399798709776,0.0222729793416839,0.0001884516281157,0.0085378942575056,0.0023685296988822,0.0066659822757523
0.0,0.0100789856281941,0.0272609420410469,0.0086909674226302,0.0137139316221377,0.0099616198199129,0.0059677348363775,0.0100588144176093,0.0129985794324489
0.0,0.0167599511163894,0.0073576417961419,0.0022625611675187,0.0083243151548937,0.0167744987404274,0.0054983192668306,0.0103362783514129,0.0172720655056829
0.0,0.0107074277806436,0.0055701450677139,0.0043705511048214,0.0249264642054822,0.0196215590618794,0.0075208466483051,0.0098702772081422,0.0148920059569058
0.0,0.0107209189515186,0.0159548659215419,0.006939100234954,0.0559450507471562,0.0122705588206755,0.0076801054439193,0.0011175698816981,0.0100844391695753
0.0,0.0007479399985476,0.0260971128727083,0.008183734426578,0.0562435209254804,0.0058407223787881,0.0404323800162567,0.0007737833798873,0.0063061723568652
0.0,0.0003313474696433,0.0322545079657308,0.015151272916423,0.0552720757635922,0.0039042911646893,0.0539661054714478,0.0226280968699399,0.0027591285130106
0.0,0.0101479692420934,0.0296931384699903,0.0407329919205143,0.0266028730926341,0.0050588786672703,0.0552361664997838,0.0273008782285062,0.0071977914222431
0.0,0.0108907266040989,0.0226400550147707,0.0478283749063422,0.017597643756471,0.005127545710965,0.0323544664516784,0.0272006960615052,0.0071059100962335
0.0,0.0109518782535786,0.0177378381597051,0.0421457035395709,0.0078836158971259,0.0096810710747502,0.0096431867801348,0.0127026329160138,0.0066250439596833
0.0,0.013011909082109,0.0189847578006219,0.0212589153389985,0.0001362923226342,0.0053973827840228,0.0049982655475477,0.0003134129628543,0.0038748628942033
0.0,0.0094625866026635,0.0145582797800454,0.004780001044329,0.0001810536433332,0.0052833842504043,0.0187565000410373,0.0001747553296112,0.0031965383119208
0.0,0.0093555487263807,0.0165416585738218,0.0082905894754215,0.0089223355200597,0.0064600423292736,0.0281957362451708,0.0001967288753443,0.004748442409405
0.0,0.0046145083853559,0.0462257380401224,0.0103738243091813,0.0094569191899528,0.0113332198746834,0.0365531839199653,0.0003336719437577,0.005495773093282
0.0,0.0003985056507076,0.0709648641438221,0.0139094946287415,0.0095432596281723,0.0167835957327887,0.0541795692431891,0.0028810476743165,0.0093861791850178
0.0,0.0103849905418487,0.0770173553077443,0.0126451848515352,0.0067952225629173,0.0173621636581474,0.0540627650735647,0.0218309588855059,0.0367061868449087
0.0,0.0111005905980799,0.054566223117638,0.0105526668289989,0.0096453573586484,0.0180832846834125,0.0494104793092903,0.0322793876905404,0.0563372330011545
0.0,0.0212302424657559,0.0191342268503858,0.0053977466047472,0.0375395990566364,0.0197438215284313,0.026791588764858,0.0319693947471991,0.0701373133703969
0.0,0.0108450897802136,0.0247739432157453,0.0067278058130292,0.0551138181018192,0.0180732828032267,0.015148662871726,0.0177020111299684,0.0482511208194005
0.0,0.0102899037300948,0.0447259626080401,0.005935583954726,0.0538527153762307,0.0123414694061504,0.0227781564154249,0.0021621144660994,0.0287420921199922
0.0,0.0052168500190922,0.0454268369317238,0.0173737477216129,0.0232760347384722,0.005370420418105,0.0441012877134251,0.0228607770566538,0.0094485444809934
0.0,0.010969462298685,0.0437679134526229,0.0193385647824525,0.0007207902380312,0.0100209415327916,0.045193657814611,0.0238936406032092,0.0036456818088038
0.0,0.0110008981138774,0.0103700805562456,0.0191350816330895,0.0001597299969052,0.0102816037632673,0.0359815061921097,0.0237491427902936,0.0034966736171233
0.0,0.0193201775965969,0.0047811621316995,0.0105839671622043,0.0001564181720178,0.0120526814011,0.0158095849885841,0.0071277615014299,0.0040792247828754
0.0,0.0091798629728425,0.0033428246956553,0.0038856497409852,0.0001315613919496,0.0138223476059171,0.0231835767819923,7.950440209698085e-05,0.0036020250165388
0.0,0.0089447825509156,0.0110319750520369,0.0049912961063332,0.0001037145849642,0.011917597641064,0.0225325653039269,3.9282527343736855e-05,0.0030347046695725
0.0,0.0057201338716994,0.0194089218795983,0.0109863767685174,4.7002355959735776e-05,0.0100261836615426,0.034353374176614,0.0001066373935102,0.0050848199695114
0.0,0.0086727320025322,0.0270371586022055,0.0106907863134011,2.9857650948956426e-05,0.0099929215506855,0.0385455205493389,0.0003295976287873,0.0105834211973067
0.0,0.0093525944572529,0.0279424869809133,0.0092941748959969,2.479865172955716e-05,0.0100671503424131,0.0430665156613525,0.0116010170538562,0.0116746142824939
0.0,0.0094075028023163,0.0149119956495313,0.0047216483298593,3.083701134182203e-05,0.0118690961445208,0.0386999300520937,0.0234213382380668,0.0116198403929454
0.0,0.0135735640111126,0.0102876419244078,0.0044679988786966,4.089509974616527e-05,0.0159199861804016,0.0167483651358098,0.0236300442333408,0.0200881653767457
0.0,0.0110571265074031,0.003807795156615,0.0050710772100847,3.713040382127297e-05,0.0185383187496941,0.0084275893073271,0.0225794328018777,0.0235901836225861
0.0,0.0110222151067429,0.0212260798913745,0.0051145316542757,2.794493424312403e-05,0.0215838697588955,0.0054157860365763,0.0017987788216718,0.0221163753863766
0.0,0.0067936011550293,0.0567758592233392,0.0066820284256204,1.55103076770985e-05,0.0130807757945667,0.0089256662264456,0.0002421350272122,0.0138623506156979
0.0,0.0007731031586467,0.070207834553129,0.0213806921456802,7.01428248254568e-05,0.0115911420113773,0.0277905867359948,0.0001053858952111,0.0020727188879474
0.0,0.0093130367419381,0.07496269114025,0.0342114701006307,0.0001149794029458,0.0159476842985997,0.0284644048547642,5.870363736181319e-05,0.0029284973246773
0.0,0.0093193110741086,0.0464413183972788,0.0333874187616588,0.0001556035650813,0.0279243301549447,0.0274201892937647,4.055386108671589e-05,0.0044734368034556
0.0,0.0187499016052495,0.0333851856241032,0.0239020892165139,0.0001362510632087,0.0252464778590949,0.0138369619465795,4.346255818590305e-05,0.007040239162198
0.0,0.0109874716465263,0.0205046731220436,0.0074482744151705,0.0002471948062886,0.0277182145623601,0.0397195287768011,3.4779743928445085e-05,0.0135156196577067
0.0,0.0106184744150894,0.021155579167636,0.008545534849383,0.0137869976608714,0.0262420953272089,0.0608426545350553,5.782584093509432e-05,0.0134446020351429
0.0,0.0080412330783488,0.0260962319205666,0.0149633692750144,0.0299793737902382,0.0257753717171481,0.0896512552335279,0.0001318056623207,0.0128573428249461
0.0,0.0088223891834414,0.0318131263203499,0.0134407066850743,0.0302131966832897,0.0245426726857424,0.0905872427345181,0.0003010785621429,0.0063980937698976
0.0,0.0108779658447436,0.0309124875609132,0.012446468218378,0.0213244893985603,0.015425529597921,0.0729625452798106,0.0080406865837782,0.0073066765305794
0.0,0.0110872546767846,0.0254029405668819,0.0072509997159835,0.0014792904582712,0.0076678378775219,0.0436588508896294,0.016710577327881,0.010532027316373
0.0,0.0191012234490719,0.0054011229324195,0.0038818049841322,0.0002854071083692,0.0052638508117827,0.0109566336246241,0.0167661820470148,0.0143155969953622
0.0,0.01086978832917,0.0048775942519459,0.0053268480648613,0.0003212727044219,0.010091821461108,0.0066436728103851,0.0145598311876855,0.0147946699447704
0.0,0.0107392007292064,0.0270907202468579,0.0062668259801001,0.0003285343871031,0.010118899574486,0.0038313468110441,0.0004280380496265,0.0085058816849797
0.0,0.0037378038266012,0.0524858406993504,0.0088793662914535,0.0002905161883592,0.0085944263359213,0.0145959643121811,0.0009788608869708,0.004757386571663
0.0,0.0059009076103847,0.0695096453638117,0.0202384911764255,7.756768918034482e-05,0.0054491108191491,0.0211588093433701,0.0164790140893767,0.0027092256375656
0.0,0.0109995066480258,0.0695530095383473,0.0473467546657841,5.270801053764074e-05,0.0098505800341071,0.0256717217816977,0.0170158639743342,0.0062510888048119
0.0,0.011100347115334,0.0368584100983474,0.0472728074316178,5.645239570500489e-05,0.0144380452406588,0.0186486778082032,0.0168054489907203,0.0069427738228801
0.0,0.0179650449567996,0.0171271716646717,0.0358411283343608,4.308199410344736e-05,0.0147078446170962,0.013771205158685,0.0038234603923154,0.007014609762895
0.0,0.0093341720184079,0.0142079601308161,0.0111200978963544,3.221964617424751e-05,0.0164049891636823,0.006942204170205,0.0001270979796884,0.0029624426863352
0.0,0.0091529118645742,0.021337075620513,0.0046718978732723,2.485107476604772e-05,0.0235440676664837,0.0063211665189394,4.197545506655483e-05,0.002086388292163
0.0,0.007512501863594,0.0273049560400285,0.0061918240078315,1.7974565865810533e-05,0.0162646792452524,0.0138457367481931,4.2284085155304185e-05,0.0040137813258564
0.0,0.0101900477838399,0.0295418767148834,0.0072445659902736,1.7743580893374936e-05,0.015817805188728,0.0157628143946812,0.0001147639819818,0.0054668613495117
0.0,0.0110505903982001,0.0205815851836501,0.0124362219981237,1.6072749381603366e-05,0.0056645819630827,0.0202461006307314,0.0003438159036662,0.0119711347508432
0.0,0.0214612178401295,0.013653943871627,0.010635013861498,4.9415436327990456e-05,0.0107940245594407,0.0173665198563052,0.0051399796701035,0.0124222882419117
0.0,0.0145520031021359,0.0109439597895139,0.0112494321849652,0.0006391843343424,0.0109411567669489,0.0090826938144962,0.0129229531251319,0.0148837092985829
0.0,4.9234223103115616e-06,1.5888657254787644e-05,0.001324080470391,2.090449571338456e-06,1.845513415647555e-06,0.0014175376055921,5.424943899224856e-05,0.0268923204701853
0.0,2.800586062828e-06,3.6174272758910025e-05,0.0080589623504714,4.7515900353941176e-06,6.595610685023647e-06,0.0022896843862542,6.841880837417712e-05,0.0474942164913792
0.0,3.302403955725536e-06,8.900627620938503e-05,0.0084318386141476,6.989718714023032e-06,1.4182928405230912e-05,0.0028610475880859,4.112105791688997e-05,0.0550802566212527
0.0,5.433262721856246e-06,0.0002254363569761,0.0088867285793409,7.507177353475458e-06,3.735715997328625e-05,0.0022456654827038,4.1150751037674086e-05,0.0444597269049895
0.0,1.7567408670459333e-05,0.0007332148518356,0.0040166370294399,5.05323546301604e-06,9.273267318470348e-05,0.0014103193952003,3.4706049628017208e-06,0.0208511032451885
0.0,5.919352768967904e-05,0.017529715043117,0.0039570957828632,4.0496938481733725e-06,0.000286057146346,0.0014539555729249,2.4290669453678427e-06,0.0133466535044726
0.0,0.0001205244983298,0.0320273514910032,0.0062013916895198,7.499663227948547e-06,0.0098021182238827,0.0015524298873223,3.5305591213312678e-06,0.0110979675781125
0.0,0.0041142675629688,0.0324204648243841,0.0079242304517895,3.0690286177683783e-05,0.0099625024637655,0.0022623862255699,6.847727595181696e-06,0.0072652594450041
0.0,0.0103597913500626,0.0237181582348347,0.0072895038386806,4.4693902101186815e-05,0.0098970343142202,0.001965183309564,7.320186426184431e-06,0.0076336757325745
0.0,0.0106159775392745,0.0022203341152202,0.0044410556806942,7.898081783595998e-05,0.0009955229892512,0.0017192712623145,7.042241676100646e-06,0.0052919400090285
0.0,0.0206801425317285,0.0004310085932559,0.002423195188253,8.124812182572866e-05,8.292485499964833e-05,0.0034604029371138,2.2506797679824755e-06,0.0023688276206716
0.0,0.0105800223870734,0.0001545954115409,0.0009296496458617,6.535794791282047e-05,2.7295302073953364e-05,0.0047759307663924,1.5333829641028082e-06,0.0020907061377479
0.0,0.0104140795931652,6.648170439935325e-05,0.003351373956398,3.2355803143975e-05,1.5153765029839608e-05,0.0059660149181198,1.989561203325502e-06,0.001803082881022
0.0,0.0007570246304731,3.834561126291968e-05,0.0132669183578761,2.7241516886390517e-05,3.147499909850563e-05,0.0145370384138016,1.3985688090244658e-05,0.0007600191386328
0.0,0.0002593923043886,3.8967808165991385e-05,0.0176863518972201,2.94850367218934e-05,0.0001373486007367,0.0141504191456659,2.5407828981462782e-05,0.0005687588274532
0.0,0.0003878573007467,1.9943917919475695e-05,0.017687022468106,2.969906281633154e-05,0.0054087309221515,0.0151655135037413,3.026709173024428e-05,0.0018307915132207
0.0,0.0107345262338065,1.8262333154518776e-05,0.0110800329861613,1.4557538091645192e-05,0.005950505588691,0.0094103206054329,4.518550285463399e-05,0.0167054585441342
0.0,0.0218074434203249,2.0168107801888748e-05,0.0024839365102615,1.1574257010147256e-05,0.0114147762615313,0.0061250200002187,3.873018817678938e-05,0.0202152225275164
0.0,0.0221242595739642,3.741896613454017e-05,0.0020833749821017,1.276490824865894e-05,0.0075330936086238,0.0036590419737427,2.8977477260023223e-05,0.0192247348451765
0.0,0.0183324310469806,9.58639636951909e-05,0.0025178188597223,1.338475691727349e-05,0.0058774562902728,0.0054742006803474,9.834702782439676e-06,0.0088048705161173
0.0,0.0026711798663158,0.0004506989423238,0.0060021401354852,6.278143769253043e-05,0.0057219287167997,0.0206185554451072,2.8114748361534392e-05,0.0120504219440562
0.0,0.0073182761000958,0.0004984346956928,0.0248161799186364,0.0001014447145188,0.0148164271753285,0.0346705835747133,4.5831339419340814e-05,0.0118969867279836
0.0,0.0100338483952519,0.000558041776979,0.0255568641554828,0.0001114070664803,0.0152018173793022,0.0315701785963447,5.7119199053215344e-05,0.0120516233836582
0.0,0.0098757801265229,0.0002453194668185,0.0255756439134705,0.0001202915923774,0.0165073286675416,0.0252174509848996,4.398453991617375e-05,0.0111892349566977
0.0,0.0153993001534083,0.0001850407459594,0.0031012251628748,8.996571998040767e-05,0.0084013455724458,0.0040253914399718,2.6017956840624283e-05,0.0024328184197607
0.0,0.0096611145925528,7.941953144449454e-05,0.0020787667200802,0.0006821480886345,0.0115746434880221,0.0165288832800027,9.45054592053709e-06,0.002635501714391
0.0,0.0096517463218076,0.0003975084125183,0.0027212367884007,0.0159282672364302,0.0098969418094806,0.0371381620821286,6.791416603678661e-06,0.0021577498021323
0.0,0.0093010758812797,0.000455309656801,0.0026824030016108,0.0270312780005551,0.0060945975684047,0.0412331710503315,6.625182341785375e-06,0.001627811395663
0.0,0.0006706336799006,0.0004515885034886,0.0019122061260839,0.0269665347305326,0.0042220749945704,0.0374833508049222,9.160353860904368e-06,0.0016617479384986
0.0,0.0103782785052236,0.000138211047376,0.0018331328717275,0.0141145040652777,0.0059673485473442,0.0157122283638816,2.6509280406585456e-05,0.0033031394074008
0.0,0.0104707896690641,8.6451334204922e-05,0.0022310618761983,0.0008937530047808,0.0069970474897537,0.0093570249793672,3.405098533978429e-05,0.0129441717211428
0.0,0.0174797885513297,5.015062216854763e-05,0.004226081248955,0.0149992521996502,0.0114748784886194,0.0060731329784696,3.9271267759104105e-05,0.0165512625927546
0.0,0.0106668918544433,7.21029508944387e-05,0.0053066108572839,0.0162261572024288,0.0181026898512469,0.0030501126963044,4.313458516380346e-05,0.0155110913385968
0.0,0.0103075678317759,9.056469655969066e-05,0.0055597677261465,0.0166035063141119,0.0182730736530151,0.0219584274152197,9.69648526974608e-05,0.0063164796499178
0.0,0.0099904506163742,0.000118444664288,0.0082662107570251,0.0216274890964575,0.0184303690270772,0.0328948738736342,0.010678201997027,0.0022882569615143
0.0,0.0005925496944654,0.0004431130847761,0.0139536839424427,0.0165373921153455,0.0130899471323992,0.0409799174284327,0.0188974864039089,0.0011936469728991
0.0,0.0100151692729252,0.0004710978990979,0.0141887171828228,0.0163213846289306,0.0112140493287264,0.0283103743287767,0.0244963883576949,0.0008919222449199
0.0,0.0100684072395415,0.0005022337515758,0.0114039179568841,0.0071097435843512,0.0088212940659743,0.0145908948463713,0.0178985495387762,0.0009527870968552
0.0,0.0169244683675703,0.0002027567811553,0.0053307998283904,0.000254028168237,0.0088664279859539,0.0063968022533502,0.0106641077575886,0.000984095495888
0.0,0.0100148556646553,0.0001121539464921,0.0042294986583939,0.0001308132750615,0.0054810448487528,0.0074209711595877,0.0001617529194829,0.0025486846458002
0.0,0.0096973407108425,0.0002515235783245,0.0101662050898861,0.000104397419621,0.0079907391489554,0.0207097156896948,3.318121071431506e-05,0.0037822749228661
0.0,0.015202387561627,0.0002517783324406,0.0156608864557257,0.0001051236470236,0.0135292893155902,0.0265259545906908,2.4358706292229644e-05,0.0047154097577892
0.0,0.0100940782160242,0.0002466734530564,0.0162066702694571,0.0001516321517534,0.0166653702005117,0.024931692193356,2.446086360652508e-05,0.0061829245828482
0.0,0.0101039204595832,5.059094856775907e-05,0.014876099751363,0.0003069393401175,0.0211847727730648,0.0290039339705221,3.685200180249675e-05,0.0061255034850227
0.0,0.0111162903288036,2.9802902804633305e-05,0.0062581685727824,0.0112826651677867,0.0233637929723717,0.0250340396089793,6.149771377685851e-05,0.0187448675243779
0.0,0.0105284209352344,5.611642880841834e-05,0.0045027758381147,0.0243572210224275,0.0326179770064953,0.0257687570158178,9.278731507982568e-05,0.0208452040483776
0.0,0.010493168725982,0.0001379926598959,0.0073458178813273,0.0343070522925769,0.0237862188119908,0.0093801794109268,0.0002007135945023,0.0185832906493664
0.0,0.010293789759594,0.0004436773844322,0.0173668973701881,0.0591615159117682,0.0184165140120244,0.0090323643250924,0.0061488847926635,0.0121187947830325
0.0,0.0044308085138077,0.0009186832704144,0.0199164163891421,0.0503711148135655,0.0066447024049418,0.0094796324999176,0.0120840687280276,0.0276038987300996
0.0,0.0103689204550678,0.0176634401317879,0.0332023253859678,0.0362634387363642,0.0062090910047081,0.0227578728528202,0.0231954827858348,0.0282587668341743
0.0,0.0103051254417942,0.035920407687457,0.0218816922572458,0.015609052575182,0.0122795503586948,0.0255152525960604,0.0229276793873865,0.0272345128925485
0.0,0.010076850441693,0.0360370810526835,0.0211538236406066,0.0005802946732542,0.0147386038987656,0.0256820889842965,0.010951886072895,0.0051439320937915
0.0,0.0089522598837368,0.0223842941666004,0.0116901461758792,0.0002953894962021,0.0186759152417902,0.0181858868620909,0.0008376446928893,0.0029581760689698
0.0,0.0094203517308869,0.0010748581790924,0.0041794777684988,0.0002914254825891,0.0130753188977473,0.0122487323779081,0.0001032112467168,0.0019379630830497
0.0,0.009426488408052,0.0002839527419115,0.0087257557415362,0.0004139143534063,0.0127740812554354,0.0357626247740125,4.666712714756969e-05,0.0014339030931044
0.0,0.0139590331716945,0.0001766219811112,0.0098967167321078,0.0007657596507723,0.0086940303660986,0.036927381222795,2.9939951974262545e-05,0.0016406487148454
0.0,0.0100997630357809,0.0001560650453121,0.0105527797186837,0.0017704501455676,0.0058503741963547,0.0439677235798666,4.031082166132574e-05,0.0037926920853748
0.0,0.0101597064136677,9.449746859806724e-05,0.0061155755061074,0.0138510085688989,0.0058608889937356,0.0356879688475364,6.496661309797919e-05,0.020413070132176
0.0,0.0080164813035736,9.050337791185788e-05,0.0056750986144686,0.0211107015655757,0.0058383478356317,0.0300504679015426,8.093483778505794e-05,0.0442279026249122
0.0,0.0097042117654436,0.0004009865239979,0.0072708037702976,0.0211150126592833,0.006241376812022,0.0252057623884551,9.24084293079638e-05,0.0458494779965906
0.0,0.0097254349872776,0.0005954432296669,0.0102574995122192,0.0120358505768261,0.0114176050261109,0.0085436112344503,0.0001403979647614,0.0391193171058607
0.0,0.0097781903984433,0.0009343414870316,0.0212544304061048,0.0015154279355776,0.0161817539909903,0.0105332927066628,0.0098909856282392,0.0077476929988293
0.0,0.000821646780037,0.0073947290819154,0.0294864148019137,0.0005796676645683,0.0149262736550557,0.0121683640222459,0.0116270499126332,0.0168403374580998
0.0,0.009870778190295,0.0301988705152316,0.0262520633887876,0.0002499645445231,0.0169038988443345,0.0095487458062423,0.0231288662378358,0.0187367745113821
0.0,0.0103904117389474,0.0528476041741823,0.0148966328772924,0.0001380965769891,0.0122330838902856,0.0067122083780463,0.0258900503635668,0.0185207675574375
0.0,0.0103810319175041,0.0584911006348753,0.0085091477240587,9.975339915710118e-05,0.0149299666153607,0.0060260773623125,0.0326270472228892,0.0056589986029261
0.0,0.0146010929694844,0.0366428762268282,0.0054293584396733,5.536130895162993e-05,0.0179109136472955,0.022594353500417,0.0226503803436941,0.0031003201631638
0.0,0.0244864445854083,0.0164379485133154,0.0072200804027332,4.365862947310653e-05,0.0132579860672765,0.0440164592992744,0.0217848750755419,0.0061973033955455
0.0,0.02456648773875,0.0003074846745321,0.0072401373676225,6.049826043808451e-05,0.0130945719378673,0.0710085238894386,0.0015837337611405,0.0084669115060196
0.0,0.0181367419757853,8.102213662683219e-05,0.0072207276829549,4.89443803728099e-05,0.0106018618168594,0.0791335132470959,0.0001427739830033,0.0080014957991301
0.0,0.0111977562944777,5.195013131960531e-05,0.0040996539855708,4.8199292180016215e-05,0.0178331650077079,0.0598115965621407,8.780080000292109e-05,0.0089309275387456
0.0,0.0107436637121199,6.198753845821199e-05,0.0111810844734182,0.000155149731661,0.0198636307889729,0.0421585405397459,9.189167726854584e-05,0.0295487164690086
0.0,0.0124188320366779,0.0001352530108653,0.0219540603983924,0.0003323491148801,0.023732194567667,0.0212460554339654,9.74023968910256e-05,0.0485542700658775
0.0,0.0110227545649937,0.0003199891183917,0.023020602872016,0.0003403786720623,0.0203152698463363,0.0192362615381678,0.0001287725685418,0.0466175834397099
0.0,0.0103552872886232,0.0005160168246355,0.0353801428568405,0.0003377128003758,0.014950112543847,0.010070056825264,0.0001636418035811,0.0296008987929472
0.0,0.0101387436628561,0.0005951242177542,0.0211941616137437,6.959535628606924e-05,0.0089138925557813,0.0140154412334889,0.0031081624258027,0.0128925867378982
0.0,0.009126819756992,0.0008432374150768,0.0216021757289269,5.002580738300816e-05,0.0043765854831193,0.0360578120598148,0.0204665458962211,0.0096420958739719
0.0,0.010232879850399,0.000800962480147,0.0161866278607465,6.195724299587501e-05,0.0001696785372316,0.0347365070519537,0.0288833827509266,0.0101200688269923
0.0,0.0102872055492012,0.0007317557835993,0.0069170529275667,7.023738319621478e-05,0.0001784577739714,0.0309092179557062,0.034652049600214,0.0085236431756329
0.0,0.0118558172486461,0.0004612529004186,0.0047759475149848,7.559017211842062e-05,0.0055160779434287,0.0068810625603742,0.0273543247656369,0.0079941199081758
0.0,0.009752982775402,0.0002524728782546,0.0031485190905132,8.822209003129077e-05,0.0078781438756153,0.0026339700004841,0.023495050295395,0.0018107292484127
0.0,0.0096390079990006,0.0002491529759479,0.0042422363639885,7.5497131205753e-05,0.011843625735573,0.012154574441243,0.0117536705734404,0.0011077734138061
0.0,0.0095369259728015,0.0001912812857875,0.0085160064858951,0.0001025589733328,0.0134882806723954,0.050961581123534,0.0108292527424656,0.0028371966685658
0.0,0.010471865805812,0.0001632244327151,0.0318185506640007,0.0001727779404819,0.0114862110209929,0.0513914314322958,0.0003522782465919,0.003821549231546
0.0,0.0105704861310546,7.654238712950032e-05,0.0330851730270458,0.0004741177434342,0.0061988866214594,0.0626860653554993,8.920503916771749e-05,0.0050419622975666
0.0,0.0106948406889551,9.917911629557882e-05,0.0324182623137909,0.0152661843526358,0.0120573484826343,0.0270469195535613,0.000120359856997,0.0227810570005619
0.0,0.0104159470195991,0.0001477502630636,0.0124577489296347,0.0320923396562381,0.0130991427334314,0.0156502960431945,0.0001143939035961,0.03477135169019
0.0,0.009577245767739,0.0001731073911607,0.0071126871877613,0.0332189356835989,0.0132867853524347,0.0040572633246298,0.0001222448931243,0.0379339937352876
0.0,0.0095285795996965,0.0001865172845234,0.0176819497461149,0.0231209387548409,0.0140663690789266,0.0023872428343364,0.0001479710883818,0.0284067864133417
0.0,0.0007637058586897,0.0003054573481056,0.0178306091599854,0.0083606773945164,0.0121256963327845,0.0241557728440212,0.0105640300160078,0.0243774583665257
0.0,0.0004971280684968,0.0003887860948832,0.0329077552776459,0.0002836283886495,0.0164123820209837,0.0324463298570523,0.0116177358476003,0.0301298077934353
0.0,0.0101924669192495,0.0004641728632312,0.0482504053318294,0.0001620174279661,0.0133985372581133,0.0352700699859132,0.0115830295475355,0.0344147041114719
0.0,0.010280359687016,0.0004736750989713,0.0381825198683445,0.0001094599907274,0.0114732474072172,0.0205140917512758,0.0116264087668824,0.0288087780696719
0.0,0.0103789303041878,0.0002683720789423,0.0241026277876394,8.88778822793891e-05,0.0120491826652348,0.008148975821308,0.0110635740201007,0.0145311115822859
0.0,0.0102000368678678,0.000178085036451,0.013213489141375,5.0662171139870434e-05,0.0121974367152597,0.0072544787864209,0.0111254918226068,0.0057274383471674
0.0,0.0104820150496315,0.0001883321213728,0.0076761889379385,4.025629230022763e-05,0.0147832042317081,0.0240941419370412,0.0105971514098893,0.0038140773160829
0.0,0.0104142472902783,0.0003334158785451,0.035440674880011,3.132530581891936e-05,0.0114556768842909,0.0626712042146433,0.0004246346797941,0.0027150040080635
0.0,0.0033610406213784,0.0006441649746198,0.0380429455349655,1.7576818407900984e-05,0.0113315462494525,0.0855482315447487,0.0016364126798914,0.0019358974951371
0.0,0.0003751704949937,0.00057629704803,0.0407744380839556,2.205783679998731e-05,0.0060417385507149,0.0812962717264947,0.0197815940333399,0.0021686452177007
0.0,0.008309928643329,0.0006096047269579,0.0185130750355427,5.4712423976155854e-05,0.0081923273619735,0.0377834506961908,0.0346654355053927,0.0068115067413832
0.0,0.0163393865343303,0.0002350663201857,0.0094838011057565,0.0001617619728232,0.0059507664405963,0.0079993951553271,0.0483495157856367,0.0094067415257309
0.0,0.019572522899694,0.0001768698679324,0.0065757156731846,0.0002016700422809,0.0056340974403745,0.0013992004619405,0.036649481228877,0.009021950794835
0.0,0.0216091804188048,0.0001243291131708,0.0246812847462539,0.0001797558608894,0.0053775602277941,0.0051369318734868,0.0201693229910866,0.0065019365049117
0.0,0.0263169314439094,0.0004082107094367,0.0386534997452236,0.0001535027359383,0.000345834390319,0.008902307354714,0.0067721083569037,0.0087124351879165
0.0,0.0274461593645115,0.0008593495583104,0.0532193969374205,0.0001875330672039,0.00558894552489,0.0280409839112996,0.0217341777107187,0.0206980462081749
0.0,0.0271877389343462,0.001252974783016,0.0612141269883977,0.0001981021600986,0.0067039068166478,0.0307032659021618,0.0333354749156221,0.0225716368915721
0.0,0.0124786047652977,0.001165121836983,0.0590357460633283,0.0002390818652731,0.0116129992815687,0.0231672752120062,0.0427762135668184,0.0206513617376262
0.0,0.0051494421752848,0.0009159741920831,0.0386763598519385,0.000239146107433,0.0061897265712448,0.0112776232427699,0.036695055666405,0.0050707014678348
0.0,0.0103226587545345,0.0002541661821719,0.027508250461732,0.0005343499456197,0.0180485023305852,0.005073973926993,0.0275961797366215,0.0020250873503925
0.0,0.0102079007871368,7.420905103418688e-05,0.009195028311377,0.0144825662528043,0.0225236946299615,0.0107681616662663,0.016869195090793,0.0013529959358208
0.0,0.0100325735301549,3.2197578738731435e-05,0.030862636312276,0.0376768974123292,0.0227178730736116,0.0226347617641968,0.005351705420779,0.0051942453831322
0.0,0.0104113057119682,9.880727944766784e-05,0.0436459044952601,0.0385472242669074,0.0211861904348259,0.0298272915335803,0.0001701705573538,0.0114550420874659
0.0,0.0103375350507473,0.0001142194252731,0.0450476976362081,0.0333704540486031,0.0067638770695193,0.0245564141975564,6.043219378870275e-05,0.0143742151296878
0.0,0.0116212602746681,0.0001399073457569,0.0301193222007596,0.0064298996243044,0.0125954908080135,0.0187017801018288,3.3861077547984744e-05,0.0149011615903152
0.0,0.0106534148684189,0.0001767062147451,0.0176931970246847,0.000366728199698,0.0180536023084933,0.0043896544071296,3.337716928784366e-05,0.020062677037716
0.0,0.0103144033212075,0.0003880497458866,0.0384872025442308,0.0001945065106541,0.0185920661828876,0.0039335694623871,6.209847457381361e-05,0.0178450663957245
0.0,0.0101946417120546,0.0010263535559353,0.0457290466317989,0.0001120309573573,0.0137087169934435,0.0060185651728315,0.0009013920004431,0.0169740020698261
0.0,0.0006744210435987,0.0160569432586874,0.053845944372447,9.296560157163288e-05,0.0072171647133253,0.0086744307503882,0.0118210329072826,0.0058723061810044
0.0,8.598582774589057e-06,0.0021831458582577,0.0002896046612335,6.74920438944219e-05,2.5297187521116692e-05,0.0001776699322951,0.0250483472640885,0.0398951196238786
0.0,1.3776034079553791e-05,0.0011116506162792,0.0002687905597759,8.03395849786254e-05,2.6388469406833792e-05,0.0002082351066825,0.0718486375322969,0.0328856564422818
0.0,2.7885293734406845e-05,0.0008775705132106,0.0002022302562875,8.84979945868845e-05,2.5403714166868395e-05,0.0001843162943558,0.0956143289822949,0.0227712527112941
0.0,6.448793906021375e-05,0.0007286388966101,0.0003104706773478,8.490266669619945e-05,5.581029430731796e-05,0.0007392698510108,0.0807770881448897,0.02140148702775
0.0,0.0002493401273231,0.0008439092968968,0.0025893935944144,2.6522405447479912e-05,6.679594773861084e-05,0.0024695529923603,0.0402315307885327,0.0118263964039764
0.0,0.0086923008829674,0.0023151160228532,0.0054964966744589,3.0084603288587708e-05,7.187338766457309e-05,0.0026251606938638,0.004750582599144,0.0107977501034398
0.0,0.0189637219486668,0.0032414544975611,0.0073939641173197,9.155019696951104e-05,6.540132213681276e-05,0.0085673456418633,0.0008075255980288,0.0069044699085747
0.0,0.0190090185193194,0.0035051139806073,0.0068179342203083,0.0001239389760475,9.110023957875052e-05,0.0070347061559798,0.0008069013613425,0.0006676839216704
0.0,0.0131920323092027,0.002487422604387,0.0045637072005409,0.0001271327487209,0.0001073757833489,0.0079307656476408,0.0002719238221821,0.0147284563104522
0.0,0.0005272477255692,0.0006054811859628,0.0016826296039212,7.507062172397859e-05,0.0001093130154887,0.004625889939429,0.000128968740269,0.0150137454097036
0.0,7.571202966082871e-05,0.0004231821446444,0.0016732749737397,0.0002025686382995,7.480016508597126e-05,0.0041939712329605,0.0001987705567104,0.015640141421094
0.0,2.891093300735241e-05,0.0006338340634399,0.0007523498478385,0.0001766860428814,8.732764090994209e-05,0.0049280848348044,0.0002268262555663,0.0025745806671415
0.0,1.2817975692097695e-05,0.0022096048884002,0.0009818921648059,0.0001647831721543,0.0001238501910848,0.0059366701475289,0.0002310413475895,0.0008475177705489
0.0,8.848200033743419e-06,0.0076302171237238,0.0010517741732182,2.542728216692501e-05,0.000129254255376,0.0077347870404812,0.0002607206433162,0.001059935333714
0.0,7.331913619137586e-06,0.0111820775586445,0.0034977730368738,6.996640945271766e-05,0.000131802722035,0.0074019587388139,0.0003197908693163,0.0081371976738669
0.0,6.416803775867669e-06,0.011812803762413,0.0037350875323223,0.0003079293758798,6.729750715728453e-05,0.0059488393761896,0.001443135336787,0.0184222338812756
0.0,3.699952596651392e-06,0.0120317646468824,0.004566267390557,0.0005426151292113,0.0001372470298084,0.0046634130933036,0.037688049341425,0.0271902161496548
0.0,2.7564280975293445e-06,0.0049458545311829,0.0032386994973858,0.0006995504751972,0.0001594131357797,0.0139231374110621,0.0564343589625811,0.0377925344421682
0.0,7.18765910864026e-06,0.0047702454335851,0.0046815035575281,0.0004231051803284,0.0001745224470965,0.0143307631429205,0.0564480812118403,0.0272080011059978
0.0,1.7646476808530792e-05,0.0043731489567621,0.0060716297566569,0.0001973079272964,0.0001265241644409,0.0150890955212458,0.0287870813599255,0.0210491352699268
0.0,3.476147926317134e-05,0.004384766078617,0.0063483903152694,6.549808645795789e-05,6.908777281587111e-05,0.0195646237225499,0.0017151053302831,0.0026256599510029
0.0,0.0002953310133586,0.0037725567130978,0.0085429381446009,6.074632303780873e-05,0.0001817737255721,0.0335457396316138,0.0002650331891213,0.0059531812064219
0.0,0.009008551356595,0.0027856779476092,0.0276159090854387,0.0001041100149044,0.000235992058395,0.0385901962544862,0.0001279931524433,0.0162458964362875
0.0,0.0154644204488373,0.001274679131613,0.0305407429244407,0.0001109825202002,0.0002299381814883,0.0263424019356054,7.048980578637084e-05,0.0202052196266233
0.0,0.0179122305966326,0.0011129597089007,0.0317209908845511,0.0001304574836576,0.0002345473295246,0.0188435790591093,5.7029242808633455e-05,0.019501914807919
0.0,0.0089676729057741,0.0024904289204528,0.0228649978824774,7.828128448510479e-05,0.0001267171598033,0.007226331145527,4.953952973836948e-05,0.0077945695253787
0.0,0.0079708449865044,0.0040637912036482,0.0203855478792072,6.328805737940797e-05,0.0001969243058158,0.0165397174798803,5.688984781344137e-05,0.0018288551921834
0.0,0.0007904615983108,0.0063874704722995,0.0188701443977029,3.739062137421416e-05,0.0001895952762704,0.0239463707845765,7.073728493398686e-05,0.0016001878521111
0.0,0.0074741296314203,0.0061542343196511,0.0090674525484216,0.0001043748089012,0.0001891153494549,0.0246958953352405,0.0001181606958622,0.0146844905224613
0.0,0.0160180476043106,0.0064902079142507,0.0064885905166414,0.0002200356780264,8.484892017506376e-05,0.0133818533007537,0.0043069674024785,0.0545045805311259
0.0,0.0162089009484027,0.0083389675039632,0.0051208069355038,0.0003048169229241,0.0007624223100023,0.0136020991706878,0.0374753700108063,0.0720539575608876
0.0,0.0092969817579405,0.011456088705742,0.0138336500660138,0.0017273832108824,0.0008145757637046,0.0099148362175043,0.0423844467513294,0.0894908557539332
0.0,0.0020829163421546,0.0137833254751407,0.0238566059646736,0.0015895657072695,0.0008428585392905,0.0133319454253762,0.0417519363170222,0.0533966437457614
0.0,0.0001222652275974,0.0224742675236068,0.0289429898750855,0.0015719732568951,0.0001864523413142,0.0123627357064318,0.018180315464575,0.0328004310626025
0.0,0.0001492161307753,0.0280521561163869,0.0197809482652335,0.0002850570816841,0.0001118916860194,0.0143481321872676,0.0001949062259893,0.0044652869030523
0.0,0.007111044332451,0.0412077404843507,0.0288633571873635,0.0045646103566942,0.0012868180277848,0.020203935527827,9.067049075327574e-05,0.0203102633284761
0.0,0.0086615201510868,0.0366143371606759,0.0403934254444844,0.0052795652298337,0.0013493150951745,0.0207685040028103,8.338592121428034e-05,0.0350643560984806
0.0,0.0087227361241119,0.0225909039097201,0.0402523340160023,0.0052973813513105,0.0013649243340401,0.0181682574984575,7.965014646961726e-05,0.0364320885999915
0.0,0.0158313282171946,0.0130477991667252,0.0357559774563599,0.005161753240938,0.0002141905075756,0.0088576268353764,2.745425020795576e-05,0.0309013297016885
0.0,0.0088967302777361,0.0211324184235087,0.0178127302121337,0.0001544067938927,8.967056441223453e-05,0.0069014443218102,1.9774925511913697e-05,0.0034070711051922
0.0,0.0088755993089694,0.0205716488066921,0.013230277306472,8.329879109219819e-05,0.0002185610923163,0.0122992361563203,1.1277436211943473e-05,0.0011581946985526
0.0,0.0013246415248666,0.0210512713744742,0.0129195530642757,3.9991628951762135e-05,0.0002023784516339,0.0176597061448449,1.15562042718924e-05,0.0003434204168629
0.0,0.0088985247073227,0.0252322675832824,0.014007617912768,2.2108277530803557e-05,0.0001786190748539,0.0178577776516778,1.0750787567150624e-05,0.0005958416250885
0.0,0.0174371582413621,0.03553599828142,0.0062041737187433,0.0003703222328588,7.431748344272166e-05,0.0161635857731526,1.1130799395771138e-05,0.0068641676446975
0.0,0.0174478029991066,0.0378694021505814,0.0059839041504087,0.0004228843488838,3.0381468458562607e-05,0.0105873855887084,1.2103093056073856e-05,0.0122014041218004
0.0,0.012321512901429,0.0368551480314427,0.0055642471312563,0.0043506307723193,4.0835324595190486e-05,0.0158927868617788,1.4634312604712028e-05,0.0338300217044542
0.0,0.0003526143326229,0.019585241027079,0.0076663523820065,0.0044372297081725,4.033588925993875e-05,0.0180355235991902,1.2950807309061804e-05,0.0322916201342596
0.0,0.0001888804532413,0.0130592074156783,0.0095991032697987,0.0045439179383472,3.735737777108965e-05,0.0220884802649699,1.252246098640182e-05,0.0278540225228843
0.0,0.0002419989562556,0.0169115550780974,0.0103226445686669,0.0040675544739942,2.923007904818363e-05,0.0218624568758088,8.106779158105777e-06,0.0127910987312807
0.0,0.0082881563391781,0.0107476798708514,0.0095431100796421,0.0002526796753169,0.0002518500542252,0.0156653313761296,2.397564633082163e-05,0.0019984947760822
0.0,0.0088351011927909,0.0103931551620964,0.0273346852051403,8.478584402643371e-05,0.0003523248316918,0.0148074015617082,3.036325137591266e-05,0.0033757271516937
0.0,0.0089802077984027,0.0037105416051916,0.0273867882464082,0.0002517225635042,0.0003497483938557,0.0062845326158217,3.409765311712997e-05,0.0031650718918468
0.0,0.0117958100330797,0.0032714118268304,0.0263203092689417,0.0004373454613801,0.0003119058969161,0.0091493701315819,3.593174308107101e-05,0.0030657457924375
0.0,0.008880940922584,0.0063874086881565,0.0198361738819205,0.0005760514981062,9.462432777915964e-05,0.0119381429480948,1.4032262308940436e-05,0.0004804974174073
0.0,0.0087796808677487,0.0063885058049973,0.0053045968412758,0.000813305025713,0.000480902946442,0.0337840107783019,1.455168755637377e-05,0.0005262518306586
0.0,0.0005202796897456,0.0065829066636455,0.0098763409091061,0.0021747627064269,0.0005026972189953,0.0317741089641078,1.55436236270767e-05,0.0032130326336452
0.0,9.552442322741396e-05,0.0049941322053847,0.0155543109827482,0.0187221953984489,0.0004800837238711,0.0315348143783595,1.4069130932015964e-05,0.0112926610074253
0.0,0.0001154735673075,0.0156702038403284,0.017218911478397,0.0225960617865138,0.0002937707315633,0.01653809726143,1.3583034039750634e-05,0.0145949735242266
0.0,0.0003159938496258,0.0172544332119223,0.0140898711528654,0.0233629783269037,0.0001043190863515,0.0072850812516432,1.3715785661658464e-05,0.0184576719603721
0.0,0.009042905653285,0.0241009914746473,0.0134655752259704,0.0277030094984884,9.782484801543376e-05,0.0150433904666438,1.7303986067297456e-05,0.0375412922546744
0.0,0.0194506715312789,0.017809233487949,0.0083384077585867,0.0221591345824363,7.942936468613233e-05,0.0161946532676261,1.4104410608439918e-05,0.0369150377937041
0.0,0.0195544533517566,0.0142928821218467,0.0114766032659268,0.021484035575528,3.653330012217928e-05,0.0196042444779908,1.6810530616418046e-05,0.0350234520050295
0.0,0.0129830694913897,0.0105542835496969,0.0114834262312419,0.0135052073482007,5.699301150950173e-05,0.0385070132447079,1.0326869826020136e-05,0.0093084838953525
0.0,0.0007350459551258,0.0064767993137364,0.0322510991320979,0.0011288582791441,9.19654969131322e-05,0.051571309242015,1.3862855588444525e-05,0.0014650344644945
0.0,0.0005796747324324,0.0053916569928368,0.0425418591449987,0.0004317590269389,9.804264967397374e-05,0.0590976665086719,1.6781483591628267e-05,0.0056222512561451
0.0,0.0017302712172453,0.0044989781413359,0.0427696502951802,0.0002890606351133,8.981808299261126e-05,0.0376886030558187,1.923725684120513e-05,0.0062892281405035
0.0,0.0016804069060425,0.0157513891578657,0.0265422704057277,0.0002677004311724,7.513810983826657e-05,0.0178216398716511,2.17343989016234e-05,0.0090363581838992
0.0,0.0016436046098015,0.0230595659181867,0.0072300080875664,0.0002199546586955,0.0001150250046124,0.0358069748312585,1.717285348124698e-05,0.0053154754724519
0.0,3.730757026384004e-05,0.0386959888127191,0.007096244582451,0.0001256756754346,0.0001248220449772,0.0356971262126369,1.0876872824797476e-05,0.0048153617524615
0.0,2.3734830816291703e-05,0.0412674014350485,0.005430157811832,5.2788070952414825e-05,0.0001006443982261,0.0352006367539153,9.40435226867534e-06,0.002474095726592
0.0,1.6837591335232135e-05,0.0335913707932247,0.0083673422119176,0.0003827725079148,5.734025891414492e-05,0.0185035591834475,1.9605761543895947e-05,0.0233802316474695
0.0,1.3983567487053077e-05,0.0257768760078654,0.0068817477205964,0.0003811114977033,4.1018494057959765e-05,0.0032424536827373,2.2340381191997936e-05,0.0257084398715099
0.0,1.3598484572841716e-05,0.0065797238202165,0.0079376484893581,0.000378481016989,0.0003024065082925,0.0027194679885643,2.9545915985545123e-05,0.0328210092688275
0.0,1.5737730286784152e-05,0.0047083351070881,0.0064687833701395,7.321094535232588e-05,0.0003218932932492,0.0155232058202884,2.280994781044334e-05,0.0205207464270151
0.0,3.6533687265589854e-05,0.0049459591146316,0.0069055095551011,1.7791974699470308e-05,0.0003100976419611,0.0211296508566134,3.631152528491371e-05,0.0103120622436209
0.0,8.632649538006298e-05,0.0057459843956476,0.0060827644885838,1.128280020739851e-05,0.000131404109329,0.0271841931413245,3.0735255347289824e-05,0.0065129145315846
0.0,0.0005039581819377,0.0059931898397412,0.0189981561758588,5.148333665345779e-05,0.0005218032190897,0.0225139923422089,0.0001238145357811,0.0091315675722659
0.0,0.0085861647543467,0.0123632844879925,0.0285853601726955,7.769679828567218e-05,0.0006453055948912,0.0184296590143068,0.0002171517500954,0.012702922638117
0.0,0.008757785010998,0.0248818037176515,0.0309047957341058,0.0001822324365604,0.0006854399808433,0.0213403863124509,0.0002623874430149,0.0161484297625667
0.0,0.0159832923428691,0.0309309115295328,0.0238490293601741,0.0002405383866746,0.0003191732919108,0.0186977503928311,0.0003316627304823,0.0126518613954318
0.0,0.00930123802537,0.0351084675880033,0.009402348861328,0.000210681939444,0.0001981800868779,0.0377675205328969,0.0002095355260425,0.0055555384831778
0.0,0.0090056230655881,0.0224525070706199,0.0040100017832484,0.0001491793209149,0.0002271968784695,0.0485930504175649,0.0001905666197496,0.0021353429722947
0.0,0.0074713367988257,0.0240985480908302,0.0019484326634982,8.131461516970104e-05,0.000203257067238,0.0506615174174995,5.336638391147108e-05,0.000992354511366
0.0,0.0057932926730409,0.0220347795432425,0.0027408099431913,0.0002160047784227,0.0002073048925025,0.0318341853233205,2.0332061912500325e-05,0.0091597984853155
0.0,0.0156832205251057,0.0222696292126645,0.0097996692984375,0.0005289630011259,0.0001383830007507,0.0081519429705841,1.3536581484567949e-05,0.0178516134093606
0.0,0.0158012647166726,0.0156247039448775,0.0226089688679542,0.0135552991035644,0.0001206600262408,0.003846941028945,1.3911708762993995e-05,0.0319779373418168
0.0,0.0151356284295056,0.027821528498494,0.0408161732066903,0.0419034973020093,0.0001261693530819,0.0143535969229145,2.278010595114048e-05,0.0457549605202075
0.0,0.0010524669603708,0.0275739137663936,0.037456907856177,0.059157650238606,9.595402384435848e-05,0.0133713775304915,2.4088846146805268e-05,0.031737827006664
0.0,0.0001340129312704,0.0249751810916131,0.0316563001643796,0.0590929513350193,9.750333168987456e-05,0.0140420728363242,3.106844031944927e-05,0.0275111292693337
0.0,0.0001065536356907,0.0227089072706264,0.0106488172365137,0.0280421513938218,5.061806055603144e-05,0.0321423688129857,9.516223539940022e-05,0.0027239006683698
0.0,0.0021625913442991,0.0085426724723824,0.0122028088067474,0.0011700638913471,0.0010998008697269,0.0450013246736032,0.000289432805331,0.0268294472610312
0.0,0.0172833719288239,0.0074363996675636,0.0085468080342134,0.0002343624118131,0.0013867309817601,0.0589089800126544,0.0003509128104153,0.0484038166560252
0.0,0.0224022065606817,0.005401388795847,0.0094417577554036,0.00018144742645,0.0013562080048031,0.0543619708220022,0.0004449113297299,0.0676646782929962
0.0,0.0331531616831125,0.006212048193223,0.011311893857842,0.0001766028226067,0.0005704658956108,0.0462582603201969,0.0003199084784224,0.0536749494448254
0.0,0.0291874046824886,0.0066053244964154,0.0092874741468059,0.0001447817992744,0.0001738709388037,0.0265400583617413,0.0001955897738046,0.0326042243276508
0.0,0.0286298372485543,0.006642633909991,0.0096467761566773,0.0001254843393284,0.0003052208746697,0.0291511342533719,4.132889559449139e-05,0.004407938014168
0.0,0.0194600589993113,0.0074650243134961,0.0039723700196991,7.481710670850175e-05,0.0003221789008543,0.0184387641171636,1.7134248293817427e-05,0.0020984508317549
0.0,0.0084887847487966,0.0101317705330232,0.0030790445741997,0.0003701715854987,0.0002540764666072,0.0197389602638226,1.635483089173509e-05,0.0113156108255196
0.0,0.00079678023606,0.0153894570229409,0.0044569700046461,0.0005799532400706,8.949077972474037e-05,0.0182478108526741,2.031488704889021e-05,0.0175011410260527
0.0,0.0003431015238774,0.023185612477821,0.0057113758699651,0.0006363825816401,0.0001389511135306,0.0186635221575798,0.0001084828487814,0.0310423008391246
0.0,0.0006694126811555,0.0202826927056671,0.007467701457249,0.0003635924534686,0.0002687352162585,0.0152374472271721,0.0001183605231398,0.0242217283265598
0.0,0.0122450341138294,0.0385842361236257,0.0121958722956167,0.000386845513784,0.0005468791461875,0.0245804366657336,0.0001280196889212,0.0197609180612085
0.0,0.0125298158564885,0.0488221139419695,0.0116437205949796,0.0001717074371584,0.0012098162496066,0.0342959459732822,4.7364033512523136e-05,0.0066349712023607
0.0,0.0144176751335492,0.056895655746793,0.0098672630133404,0.0001367260302591,0.0031646883838765,0.0483680592285506,1.983637194609613e-05,0.0010612456311872
0.0,0.0105057687749051,0.0660877501705632,0.0050704181900035,0.0001681356154201,0.0213326197620091,0.0497697958726253,2.854473088414478e-05,0.0058245460004876
0.0,0.0169269603012595,0.0376011355413644,0.0042351754191996,0.0001500744192903,0.050544441299354,0.0284744741448717,1.554346383872507e-05,0.0138525880974462
0.0,0.0196768662103527,0.0383721019971768,0.0057356928095565,0.0001679098306858,0.0527385556940176,0.0216907037714972,1.8120695811428863e-05,0.0165054400935617
0.0,0.0173814165728848,0.0138274420459324,0.0066631082033744,0.0001409809635422,0.0456736623709531,0.0145629860152181,1.3801687135864637e-05,0.012691306447687
0.0,0.017640257993904,0.0138220822543932,0.0084779120459921,7.451426284606508e-05,0.0116600049628966,0.0315701183602226,1.2958808344046596e-05,0.0055178027676764
0.0,0.017772484848929,0.0124833761627845,0.010915394848491,3.79976262435955e-05,0.0021739839008023,0.0414434176525247,1.6069567943013184e-05,0.0013211277935423
0.0,0.0247531959987814,0.010616441593153,0.0187457017759085,0.0002619266714464,0.0010210556110867,0.0433870594676202,1.465419185114854e-05,0.0055114698895101
0.0,0.0195643338112642,0.01727705682462,0.0243672614203396,0.0005447782104802,0.0003544975433561,0.0329797588938313,2.239205745468853e-05,0.0095766551546276
0.0,0.0174888992827198,0.0250542882127519,0.0243342070841382,0.0005457868963586,0.0001391902707421,0.0149239350346139,2.081224800452097e-05,0.013200118047211
0.0,0.0080905981541274,0.0364884042286331,0.0253723105489128,0.0005531005397904,0.0001076724856732,0.0112862156898236,2.240921586982353e-05,0.0141061507141036
0.0,0.0001017114912103,0.0631495722798392,0.041506631991346,0.0001004354199705,8.2024259987113e-05,0.0031950575332958,1.4267123084841336e-05,0.0122323456837933
0.0,4.038384969139837e-05,0.0858581270859992,0.0647103204163191,7.739917014736589e-05,8.808679885865584e-05,0.0092567216425154,1.5922985559644974e-05,0.009923896363439
0.0,6.195791904533364e-05,0.0933178914241519,0.0766849346359922,7.418503012846864e-05,6.497925890966816e-05,0.0314145255368776,1.4644361821997011e-05,0.004945811585711
0.0,0.0061104735919537,0.0748566796188463,0.0563919033940925,5.129399206752651e-05,9.249599566983998e-05,0.0533268382721836,0.0001130904142312,0.0019235256627989
