RMS_Smoothed_Filtered_right_TA,RMS_Smoothed_Filtered_right_RF,RMS_Smoothed_Filtered_right_VM,RMS_Smoothed_Filtered_right_MG,RMS_Smoothed_Filtered_left_TA,RMS_Smoothed_Filtered_left_RF,RMS_Smoothed_Filtered_left_VM,RMS_Smoothed_Filtered_left_MG
0.5029793674781284,0.502583790620054,0.4995073364441543,0.502430323932731,0.5008400631366953,0.4983827924250798,0.5008877580600503,0.5185961343196593
0.5028583065237644,0.5019981404790529,0.5005104794533028,0.5022703479909667,0.5011135000290039,0.4981899524843142,0.5012789969125864,0.5105679217265239
0.5060214725900242,0.5022529834807731,0.5033338259746977,0.5023471616631714,0.5008577589104574,0.4986559706660496,0.5001651298497436,0.5237276874366058
0.5296704300507697,0.5037849060756249,0.5020926520379194,0.5022756483312053,0.500883547839906,0.4978588577622249,0.5003437698384852,0.5260236151648241
0.5354994345014666,0.5097838166018702,0.5052002129710815,0.5037672452456587,0.5005945604101989,0.5026717233474167,0.5039930249957362,0.5159409311073792
0.537372700710591,0.5079969701605667,0.506068734227809,0.5027617895953944,0.5009984070612902,0.5118159694711821,0.5027929443768125,0.523344269304472
0.5307521536856695,0.5084659431039085,0.5047481288173625,0.5045437360610239,0.5010894485027619,0.5107859905253307,0.5028532174816852,0.5232009192845354
0.5164802791560792,0.5075268575751536,0.504603617648025,0.5004945614241568,0.5008556077424731,0.5074664354601804,0.5028539788199432,0.5251381722706676
0.5139127392656039,0.5038663222117502,0.5006134957307944,0.5321431773088475,0.5010529120703624,0.5063118836968231,0.4998852615148906,0.5276894234713931
0.5109351290048475,0.5071796065095652,0.5054179659223172,0.5470411414967297,0.5012530155761299,0.4964475000436764,0.5002761378105339,0.5538960325319616
0.5142368975117837,0.5037989555052436,0.5091500491058657,0.549422280277408,0.5004949866318604,0.496922780439607,0.5005231505920955,0.5518328675849394
0.5075914585768868,0.504604818385872,0.506679809166837,0.5300338524935204,0.5011879576538785,0.512953630251707,0.5065018644680944,0.554729457043302
0.5102350828518513,0.5157664959939273,0.5057341274983872,0.5238075088145788,0.5015854649792904,0.529500267073247,0.5094004045740247,0.5175716748996896
0.510866390884613,0.5506594496269183,0.5156069238696165,0.5145030337535609,0.5012141143814415,0.5297892360571309,0.5192956212587667,0.5175462291519175
0.5050345814319065,0.544870074223268,0.5113093837518115,0.5174003809637397,0.5012026221673803,0.5281244845492735,0.5140940604623169,0.5299546969805942
0.5169844644604684,0.545540664843654,0.5038334774081069,0.5311899973637835,0.5011178362902581,0.5183762810057524,0.5142864542078875,0.5149126834066716
0.5087426443316349,0.5262314219384775,0.5046520243902525,0.5303646788076989,0.5012488118739181,0.505274608485739,0.5079948488919064,0.5086337058881084
0.5270313322872736,0.5137142427513094,0.5038023471727343,0.5189917595001194,0.500789265984913,0.5227350038242069,0.50329949250851,0.5173538976124785
0.5365084132504224,0.5083033114137658,0.5066218346292188,0.500634937935089,0.5008749550466849,0.5394432271700143,0.5021181271961905,0.5125769838113517
0.5327862204463469,0.5270786245896548,0.5099334057561713,0.5062625265666036,0.5010779293292821,0.5371139150084602,0.5012616002922351,0.51481979124338
0.5263313810497225,0.5462261068257909,0.5104837137462322,0.5038731943449011,0.5010715264407597,0.5454053354798237,0.5044825103035033,0.5091466919977663
0.5083922384455359,0.5333149694968841,0.5061359839619306,0.5082204215503499,0.5005838813699743,0.5463716517913829,0.5091063719725485,0.5088323424312504
0.518549781501393,0.5272996661404131,0.5029379952385566,0.5122804118372001,0.5010995731045675,0.5231699396000729,0.5078973686364023,0.5094693734538087
0.5129360209430213,0.5202197472147515,0.5030854756750497,0.5264356185107472,0.5007925687758318,0.5127474138693353,0.5061474274096289,0.5038455259481659
0.5071333533456506,0.5134660852854364,0.502867398259806,0.5307157581221911,0.5006051682103455,0.5077065391476188,0.5025196777054463,0.5072082220008712
0.5055964253143829,0.5041408642404878,0.5011842761807538,0.5285049440745756,0.501195185276728,0.5023249621874616,0.5061398937345208,0.5076680964966304
0.5171330576972002,0.5099091978152717,0.5024983888117814,0.5132898626028786,0.5019308547633922,0.5203406819364911,0.5094689989776683,0.5066637817331079
0.5320886373874161,0.5257343584295127,0.5086464333207801,0.5258955402932547,0.5011615881797113,0.5234348450358897,0.5148525547355965,0.5063602181192474
0.5474617109204035,0.5356190896463557,0.5119921226327069,0.5240828518857193,0.5006764882475144,0.5168859008165839,0.5197599278639451,0.511014588848277
0.5525860305605881,0.5338668731266577,0.510256962236665,0.5271709769807263,0.5019410732087904,0.504579718260668,0.5148457892968912,0.5049634504505427
0.539531488202003,0.5130847507036985,0.5080794775992798,0.5181120930056655,0.5006289110132376,0.498832681710266,0.5114049571102289,0.5142739966363891
0.5262534776403524,0.5161622435071569,0.5112569626252902,0.5343251071950558,0.5006342366645723,0.5007544098576496,0.5093841457406565,0.5174720431972937
0.5347024035324026,0.5288110917695751,0.5070673651650385,0.528271599019034,0.5010021349828703,0.5066589006634238,0.505272366904976,0.5215560910698411
0.5476013521287121,0.5366453583119423,0.5130227164704665,0.5332774776714502,0.5013267198292632,0.5123188240823916,0.5054813471512517,0.5219241177277006
0.555456155118742,0.5502925579289407,0.509327890547085,0.5071254342252719,0.5016920800506564,0.511094471522789,0.5093885550096575,0.5138436034052799
0.5491282330990259,0.5615830301288888,0.5027519777197674,0.506971456008853,0.5014058144192062,0.5108004501768052,0.5080080201795988,0.5208508182630429
0.5311947254562167,0.5324247207787659,0.508128356782798,0.5058565431171771,0.4997332686438479,0.5054537757422399,0.5139824656176969,0.5127844186155114
0.5164906884095434,0.5243687187452967,0.5121411599449865,0.5112070095984256,0.5008191261637664,0.5011871997180605,0.5016514833632685,0.4987135930877294
0.5093543185222457,0.5030265141865864,0.5080502655214846,0.5170391431575161,0.5011418514149505,0.5018410762243852,0.5093860479124228,0.5216153820619848
0.5125316587344693,0.5039836662900228,0.5161183511774172,0.5161913401626232,0.5017813314541989,0.5199549438956084,0.5140435611260705,0.5195658014809037
0.5081951146333668,0.5201112232659922,0.5326748630387712,0.5217157538688274,0.5009683051527825,0.5161614528959432,0.5451302774629401,0.5240049757603862
0.512432915885297,0.5213419789917201,0.5342693305806807,0.5091703843906058,0.5016530325710192,0.5185221934216127,0.555588542880721,0.5225776266586397
0.5215814473022007,0.5239035117804508,0.5342207957034877,0.5136303997993726,0.5011902741193921,0.5141551826746875,0.5416658278686326,0.512407790576931
0.5110431533168639,0.5195670128182949,0.5129634088300525,0.5094100732844349,0.5005133532616619,0.4977304955945838,0.5099212030178858,0.5190405092438208
0.5191090643489037,0.4988937006805052,0.5021869650778387,0.5063941609755679,0.5010084041378307,0.5011702303075373,0.5073155577805778,0.5271177139499582
0.5238222358501575,0.518427857575989,0.5111346122966004,0.5089866767629294,0.500898002679758,0.5024220561888665,0.5061079688930188,0.5265347129375597
0.5182762327758357,0.5371956909270647,0.5185854344092223,0.5089596204724371,0.5011003738703967,0.5135313081065559,0.5219487444451442,0.5153418157229142
0.5173537070456018,0.5532929802807117,0.5164882445756966,0.5102137209197076,0.5011649969575235,0.5325072755430535,0.5316948946813856,0.5062199537228661
0.5069726982809488,0.5554073347947837,0.5069057975481576,0.5086241378171802,0.5010950700643731,0.5397378356734813,0.5325763617854735,0.5040381262649622
0.5046808874335766,0.504648183503107,0.5060589828500811,0.512870733842794,0.500811605725852,0.5207819741851645,0.5359549289997778,0.5045681200929101
0.5070489143524061,0.5090880597612328,0.5061256705392162,0.5148633189603299,0.5017911886199293,0.5216770811028193,0.5043060874891214,0.5048638370383187
0.5086326608223024,0.505229701900499,0.5109097617198174,0.5134412076332694,0.5006838082925769,0.5107181711323404,0.5003501813158745,0.5036467281184335
0.5108917073277948,0.5018776848424743,0.5076210308248683,0.5156276801262099,0.5010761747669312,0.4979176205086671,0.5084657738498005,0.5006253191976593
0.5262509051075852,0.515359217941056,0.5174860386680216,0.5094851923064633,0.5019256066534443,0.5130621116968557,0.5168885333787798,0.5036108611685617
0.5240738623147628,0.5274655610576221,0.5196421067035305,0.5309832681751141,0.5011087713098599,0.5309204860315022,0.5185142369639573,0.5206402061810266
0.5295463787607573,0.5292383984672197,0.5478415547133004,0.5437032134594871,0.500718298076916,0.5270842184005999,0.5249834417057232,0.520373304446227
0.5200623608726056,0.524311678817379,0.5430255184965443,0.5486923501748942,0.5019162421024542,0.5113956582264001,0.5110157075355871,0.5199998171591749
0.5094636578977499,0.5219348071051257,0.5433074518291632,0.5293211601525871,0.5004738832055043,0.5063030259052936,0.5102038584262573,0.5372053986558095
0.5141455613623755,0.5064132283382079,0.513158392518106,0.5225354780756546,0.5009709685925795,0.5016409057852065,0.5059488184033559,0.5426480747724661
0.5238704642315184,0.5184150475127127,0.5102578225877924,0.5167974153767978,0.5007914851149917,0.5037936721923877,0.5042235541052383,0.5332719535041364
0.5315029963879725,0.5270948577247409,0.5034573091750052,0.519104419465202,0.5011569760280268,0.5171872095653107,0.5031134612641126,0.5225671834570756
0.5412781732157552,0.526130025306053,0.5087551626907322,0.5160691482819856,0.5008408474791921,0.5140056603099188,0.5370358920176452,0.5027176569870869
0.5381556547552133,0.5344170642063455,0.5083923877018951,0.5027091348922654,0.5007686071123669,0.5173036734331591,0.5383798954793665,0.5008267380904398
0.5291523818735506,0.5114749528052103,0.5106462488544685,0.5095150808650621,0.5005112236875766,0.5074792785329995,0.534772663932719,0.4989897197640268
0.5128170004686089,0.5073531863731147,0.5313630918169081,0.5088426501443268,0.5019074603134809,0.5109989301950258,0.5130719752001648,0.5074808783921737
0.5197456641058783,0.5034325064812059,0.5330083940895997,0.5145094477918868,0.5010867958701026,0.5142160179446095,0.5098875230021378,0.5092976583812592
0.5231087522162996,0.49840127126713,0.5288044279937693,0.5166980664338521,0.512241304625076,0.5236856831250013,0.5088301406363377,0.5063559560336559
0.5220138341566276,0.5234310843781296,0.5055993425689336,0.5101687954335473,0.5146565045730722,0.5230484108208423,0.5574246258209931,0.5078633971375411
0.5160700650091052,0.5358430462649484,0.5280465099800379,0.5166023019877554,0.5342055997455613,0.5274611648406274,0.5644606822843079,0.5148256589082371
0.5217762180678572,0.54892612522332,0.5339274584740042,0.5276017065728545,0.5337793006606371,0.5229750474192755,0.5789260314722747,0.5142137814868669
0.5075029628631935,0.5332805448960429,0.528410368304274,0.533632638073183,0.5262499341991485,0.5086875156698678,0.566213350890696,0.5315954378067875
0.507843922957154,0.5234071134488716,0.4940976496324477,0.5170323424592644,0.5085227074055679,0.5012528953656685,0.5300960041365406,0.5411398932772953
0.5171864484066331,0.5120227437352968,0.5002829867783051,0.5139029732002646,0.500571956689931,0.4972187618131496,0.5109602135612525,0.5428499507269404
0.5276710418445061,0.5100477088742342,0.5055184612687522,0.5220262245187041,0.5015189758600967,0.5088269370194465,0.5059989476338843,0.5319475834803545
0.5387829434805705,0.5317233703657792,0.5082816503534312,0.5207463886222851,0.4997585315784389,0.5165912982734934,0.5101845907999556,0.5219831168284764
0.5379826735351777,0.5323914428988131,0.5059889397931746,0.5191435874598831,0.5012291601246875,0.5221671496377669,0.5294825634352697,0.5102036420278595
0.5313335639469295,0.5400327184510328,0.5270321395370857,0.5131737514498763,0.5008477319436604,0.5318565339704582,0.5277940984326451,0.5086838456926595
0.5353525162592939,0.5180842488709841,0.5447264474411027,0.5152137317908959,0.5014042353468063,0.5265891885034285,0.5216432114812037,0.5104390033951414
0.5208844103464562,0.5052152916997881,0.5347901788245661,0.5101423231053366,0.500722345810712,0.5053585761918714,0.5175927032765764,0.5014346053841524
0.5132354715477982,0.505466470642902,0.5283144285699977,0.5179459238551143,0.5006962703501687,0.5062284160344382,0.5091108651810187,0.5037602962250214
0.5029357462208062,0.5045972315041166,0.5084832153257807,0.5108586184937596,0.5017745376032683,0.5115839105169183,0.4996617948461925,0.5022234716506208
0.5156617530899676,0.5124249381676566,0.4981768776717924,0.5129550200890417,0.5009594100428112,0.514509002654698,0.5148411683948722,0.5019480570329502
0.526315757989999,0.5317518549533763,0.5008285424926545,0.515376731062969,0.501549111987543,0.519765621642361,0.5421165373774808,0.5137707456819764
0.5337971689463237,0.5358231745628615,0.5096744809389517,0.5327388473626744,0.5016162388968599,0.5204730538759889,0.5765177248437683,0.5176963968123729
0.5336387167894278,0.5257030373540622,0.5201814127377061,0.5336154090000409,0.5001944197095163,0.5126868308646778,0.5829275690828565,0.5292068377590955
0.5215684782210921,0.522226481302828,0.5165624566421372,0.5347786870809941,0.5008576965036203,0.5027608018100694,0.5680446902703636,0.5230750087341623
0.5300795406681942,0.5132517477278883,0.5205967969190418,0.5156231892110146,0.4996992195159524,0.5002674261892898,0.5370255600493387,0.5367781168053845
0.5222106168465125,0.5289903266856748,0.5174916363099497,0.5181174137136659,0.5006232931277581,0.5052257255588191,0.5116488580722975,0.5347780564832321
0.5388949758237628,0.5313348130116429,0.5160490340095554,0.5188717290403843,0.501373569161185,0.5145578233482604,0.5018870294329103,0.527888532287165
0.5513776921219792,0.5468474161112901,0.5241324494184983,0.514616426055198,0.5012643925763373,0.5341786862798011,0.513556598266658,0.5150161157669159
0.5503187733420423,0.5362720819415869,0.534099931059621,0.5100769957900789,0.5008326499100768,0.5253369773341481,0.5177462726732394,0.5061821085330686
0.5477575364812105,0.5128461460833517,0.5307531486128256,0.5101546921991036,0.5015048071860502,0.5169084846509906,0.5078624198397411,0.5032353055364605
0.5207639860021659,0.5097914918757345,0.5274980854316742,0.5044111180910219,0.5007887535242335,0.502779718552209,0.5071049967762588,0.5090695673934811
0.530096741569847,0.5007373637565713,0.5268678706744354,0.5096286512101535,0.5010143919238322,0.5082114296766962,0.5009884246565843,0.5030462630216584
0.5118198932875758,0.5039899823096908,0.5054103360536887,0.5150392660703201,0.5017492975786108,0.518576952901383,0.5041465342579241,0.5023727381216486
0.5079494219806225,0.5176755009745105,0.4985856256039957,0.5135981804370414,0.501833758936512,0.5294541237315491,0.5394423667707908,0.5013006791207723
0.5163525653749436,0.534869260970345,0.5062152320225619,0.5172353727418055,0.5013843497336645,0.5313372144901579,0.5455967465999687,0.4976025859179495
0.5203144556820761,0.532668135951744,0.5110639256311101,0.5311244054750943,0.5012100509137513,0.5265843160195042,0.5495902653856151,0.5082494557740147
0.5233481771971872,0.5109369538364005,0.5152136366447183,0.5329457443374106,0.5013420790803138,0.5036158665896104,0.5388390159414583,0.5069891004361566
0.5156151631701676,0.5142416012503445,0.5090981638535796,0.5259464047649111,0.500910953783621,0.4998931405384693,0.5070658933253792,0.5138033590288059
0.50850055518365,0.5029107938149885,0.5067975852040861,0.5296086502605376,0.5007805021986542,0.4998211537970993,0.5058853485340035,0.5213875413818537
0.5268376631378997,0.5189839555371105,0.5079521697120543,0.5268444566286967,0.5012006417382773,0.4989605061152224,0.50117014979271,0.5130081330816818
0.5236397508492701,0.5265522318323418,0.5110986936422066,0.5269127218974301,0.5007291072204573,0.5348830150862656,0.5365837279852284,0.504137819129179
0.5359605061406851,0.5278649949769066,0.5086801000121138,0.5176427647206442,0.5010383583601281,0.551051044961397,0.5497818847182414,0.507032829802635
0.5231473998448437,0.5353944342092043,0.5096825987274909,0.5093014249111163,0.5010686309561498,0.5544864808536284,0.5546063501137753,0.4991967631636889
0.5221228739757086,0.5174400258565746,0.514003735133612,0.5081013072560124,0.5008778756470491,0.5180173688498517,0.5473834490335194,0.4996152908113062
0.5099134217381465,0.5135837348887177,0.5113316406691903,0.5221115641491275,0.500853520055834,0.5179640526953565,0.5132835954391287,0.5039558830602983
0.5037813141028847,0.5023970069110661,0.5143033689662924,0.5193430912723184,0.5013297117741156,0.5025585701699383,0.5044967690808843,0.5027831825617572
0.5091811312412152,0.5071132784896654,0.5139563098546169,0.5197441495943871,0.5007191855880575,0.5076514909406555,0.507067085773988,0.5070499652746142
0.5152024666590027,0.5132227391698396,0.5211697269707145,0.508952470651789,0.5011495174858708,0.5338934149804678,0.520017487647442,0.5088529607276585
0.5258640851068334,0.5296120768332643,0.5082214157060866,0.5170704318082364,0.5010005620841825,0.5403489146883728,0.564503040186515,0.5281109014538805
0.54360646147988,0.5313344343964932,0.5104675495064164,0.5170587431549526,0.5009254957039223,0.5343730898090646,0.5761259499809132,0.529277876992129
0.5316697282492869,0.5263500713505269,0.5047895660695964,0.5222487588177603,0.500789854742342,0.5151213137798678,0.5561017688778278,0.5206373704532669
0.532761841809117,0.5140675299218275,0.5035768052707777,0.5179690470682757,0.5009156992262254,0.503000163082179,0.5240282016477327,0.5246141984597784
0.5150313437898048,0.5038640892588241,0.5066203504691603,0.5317476942910226,0.5008861038383754,0.498332608289491,0.5042716843701067,0.5319808018782072
0.5346735312990679,0.5269366804994388,0.5134959327177676,0.5219284624915376,0.501144904217071,0.5035827867475063,0.5091343938931624,0.5314874464064318
0.5435796901809348,0.5424195768719473,0.5174123343069321,0.5215986423996234,0.5007149311079322,0.5015674095473056,0.5068915289665086,0.5334495827934042
0.5291518843734829,0.5415375345233436,0.5183448137543276,0.5107170710593297,0.5007460579935858,0.5150318320000572,0.5115695242961368,0.5157950563127749
0.5000122133093262,0.4951650931877066,0.5011241884870381,0.4970114736426131,0.5037010329221908,0.5010656774243105,0.5034765970666895,0.5009027408920563
0.5003191844099618,0.496289039332194,0.4998242784538183,0.4970245993148887,0.5070976198232229,0.5010046504915298,0.5030367929926299,0.516309979075007
0.5015759065282805,0.4950469802232536,0.5016084386870321,0.4968123451564254,0.5039955123846008,0.5002177635497749,0.5029740469958013,0.5310818296309104
0.5043669546815304,0.496053301077509,0.5017703174360375,0.4973224210425264,0.5046873598730133,0.4999975427863185,0.5023452726576655,0.5333028128353892
0.5072053676671685,0.4978004068191345,0.5006907486224875,0.4972901181797645,0.5090371289011371,0.5122271762242498,0.5111633552002193,0.5331245179535045
0.5060138444191614,0.4981908643620277,0.5036997574609321,0.4969414753820395,0.5148716167083414,0.5178517202468504,0.5058761090594055,0.5145973918233863
0.5038354533787027,0.4986454347787684,0.5047684486465988,0.4977658049436581,0.5148266930606102,0.5250049573246403,0.5164212694796444,0.5000539682932705
0.5003988627060832,0.4992143110904622,0.5055351734770992,0.4986886231860902,0.5170014644631875,0.5147078346108731,0.5164528287586805,0.4987069875879915
0.49932798925294,0.4976248185771461,0.5081726711440205,0.5113901805303737,0.5041339598233963,0.5136683528886713,0.5061657282055857,0.5201067710218836
0.5005934333934594,0.4982650846068404,0.5086129577930925,0.5192577438556956,0.5072366722808304,0.5082779625633487,0.5070799683246268,0.5299170904296784
0.5022941956579179,0.4976505166134135,0.5113094250646423,0.5218308502787162,0.5243796684677676,0.4997451384898709,0.5034067812686054,0.528231104281204
0.5036287222702877,0.4971647052114823,0.5068866582234993,0.5141229831287645,0.5246627433065346,0.504340134390289,0.5030714074242426,0.5198219586032459
0.5047231899379367,0.5028840591264016,0.5247543493492257,0.5029726391809319,0.5285645456705991,0.5096321050641159,0.5130828762970165,0.5201070525048642
0.5069545447431478,0.5186729631854952,0.5312511536392567,0.5049816783189519,0.5341952694207973,0.5215333546851981,0.5170836580285634,0.5106561082493867
0.50207648169597,0.5162324227294025,0.5335397001610411,0.5192997724784164,0.5329000692715576,0.5174408823949539,0.5178258091023843,0.517041794724457
0.5016207058392322,0.5159327997319884,0.5301165678564261,0.5148692799101229,0.5329417617267341,0.499474114363728,0.5204720921593806,0.5126862253454656
0.5006877295626944,0.5056507853770008,0.5075816162667608,0.5116820545635108,0.5235414061416017,0.5063325048398365,0.5073215960239075,0.5307450603528919
0.5071926150070591,0.5061767871929655,0.5174180846203523,0.508233770046373,0.5139748893471917,0.5043394339161846,0.5133307537629741,0.5278904140816406
0.511140253555736,0.5050182022978682,0.5157010339707006,0.499182033490768,0.5101279327994245,0.5073719483572746,0.5162615072103849,0.52749937088513
0.5211286532250315,0.5041429043788965,0.5112360338532529,0.50171590305099,0.5178496703406528,0.5192403827110115,0.5148380833107937,0.53031194078749
0.5289165730789412,0.521658563207328,0.5325199402518476,0.5027116394767199,0.5188729514818518,0.51932884520504,0.5128884941825784,0.5120585896281105
0.5273461554413414,0.5152285857488789,0.5206014716026264,0.5022213651521643,0.5279674829163482,0.5206254430704083,0.5102015589091982,0.504479826040013
0.5219421131428335,0.5099253087978313,0.5241270617084591,0.5092364922344393,0.5203463109003286,0.5073146692689979,0.5080849523268566,0.5270628982431438
0.5060435483327234,0.5079828381412572,0.518743879723046,0.5236088766390435,0.5193942189268148,0.4990443117471914,0.5081269956839304,0.5387298111101915
0.5018186200533473,0.4994183218031988,0.5104873736301666,0.5257160652427377,0.5215079771513264,0.5214881772958214,0.5088128001496685,0.5403490578027528
0.5074155590914543,0.501246634040626,0.5115572431568699,0.5147224674803634,0.5383055493966686,0.5311103962207,0.5070704292730707,0.5374981490109992
0.5026237785125474,0.508836857110635,0.5147278850327018,0.5045098994870609,0.5388128942779319,0.5632689035773797,0.515106894544152,0.5297767798143066
0.5186957125861388,0.5213228132383698,0.5459264510847495,0.501981633964946,0.5342629995145368,0.5694990613838725,0.511005598321322,0.52681426360916
0.5160333037021443,0.5221283434909818,0.5436047808453802,0.5061216184026366,0.5266408194368666,0.5364926614658045,0.5115071441056587,0.5065895650926614
0.5166055731053755,0.5147461370354708,0.5627421145687793,0.5089441764927196,0.4992419641960853,0.4997619972063586,0.5163591605654886,0.5150715412018014
0.5184519375844924,0.4993802361185505,0.5621402969124137,0.5073402941941585,0.5086471051448788,0.5046118546855657,0.5259395487712931,0.514294233792492
0.51259664723451,0.5123887604256815,0.5295619362323442,0.4978348527692845,0.5033224566511294,0.5044311047418416,0.5240160011868107,0.5183176813561257
0.5154998398847385,0.5495781868509471,0.537515381191779,0.4983488206852497,0.5160658444698917,0.5097010928757703,0.5294790845751952,0.5142490379541148
0.5186132300480071,0.5600397323504117,0.5267637961677496,0.4993022713636027,0.5218034519013786,0.5148816922276889,0.514338759891381,0.5044150269591805
0.509780441318172,0.584242874990393,0.5237712791216484,0.500113917820733,0.5271396392927783,0.5321462381814301,0.5079785262985039,0.5069875837897901
0.504397724139182,0.552276473777689,0.5379407014901938,0.5122758410075656,0.530214294268806,0.5213329375913919,0.5107322360049009,0.5091619569865505
0.5283234300522476,0.527125711770544,0.5163221706327951,0.5413185474122503,0.5130473151213268,0.5188626884219549,0.5009361287305543,0.5498022307789256
0.5259076440087304,0.5249705282652277,0.5221440701001525,0.5420000575439277,0.5215104827527458,0.5123507090139102,0.5330408731236879,0.5442984038086489
0.5291935509159721,0.509879396645347,0.5241893976852442,0.5430105737644467,0.5272025813893101,0.4987643881790073,0.5354256134523991,0.5483467112954581
0.5089987937436045,0.4979451428697658,0.5193341697583594,0.4988907612467448,0.5284674530515443,0.5144641617505048,0.561772092935127,0.521378005643984
0.5024796932171091,0.4982165319314253,0.5200953130421324,0.4962286406106235,0.5321897279468817,0.5334711686118158,0.559290013948877,0.4990940488452743
0.5073340635593893,0.5062834661022305,0.5230367177634118,0.5256942198990564,0.5362214394986522,0.5279536024386827,0.5446801965547147,0.5056245267989137
0.5029802147708112,0.5078022487656411,0.5215843653917092,0.5375215733895917,0.5220896256675575,0.5247967261686108,0.5282342020733354,0.5103243406857759
0.5003460858104849,0.5116101140243089,0.5225693138197557,0.5342020711508366,0.5104100656094338,0.5142384086737197,0.5062570429234815,0.511585941240268
0.5018665002897751,0.5028427638486972,0.5233650619911241,0.5174759419135941,0.5061634685525527,0.5023170403703248,0.4990270604985705,0.5134242496826487
0.5031604993757487,0.5093703283354795,0.5313365645148048,0.5061551943910096,0.5054835707552762,0.4987664168743211,0.5022232246553178,0.5159942947036985
0.5246864338631945,0.5565624387419045,0.5329138211869768,0.5004998142921279,0.5098770653171797,0.5276383815819747,0.5075587307697719,0.5150682005226012
0.5240448526064232,0.5506309140514991,0.5241933659514038,0.5001821523114214,0.5167524314794256,0.5352067196026239,0.5170936117744079,0.5013433894369091
0.5282574705179656,0.5425783818039686,0.5246640183153397,0.5027485963042886,0.5269011629623284,0.5331467720065312,0.5344196861753445,0.5029887157785317
0.5238031558272009,0.5201086938184186,0.5236533062669212,0.5091230175390334,0.5310602634883558,0.5310867091622373,0.553567138088561,0.500515253326518
0.5190860062858991,0.4973600630161959,0.5158811327143638,0.5279930903559377,0.5234414313035811,0.5073946622682802,0.551773560305245,0.5368406225904621
0.5187252035946365,0.4944720660852592,0.5113460750160861,0.527001411850727,0.5277064708018345,0.4994236017260868,0.5481169689105976,0.543032641151424
0.5155585457081964,0.5076652778009174,0.5184345413731004,0.514961620683179,0.5320933778179457,0.5113196616438972,0.5190341979390746,0.529737542660384
0.5143387491521513,0.5129467899471062,0.5085870802230146,0.5013974309520804,0.5403633307437814,0.5352982335094996,0.5290086801283301,0.5260332962949358
0.5122582350196655,0.5197112833359233,0.5584802205612667,0.5132197551980956,0.5388706321523167,0.5810354803326827,0.5270522572276395,0.5053157252191817
0.5165001627483423,0.5120420546850663,0.563051015333106,0.5253003078174703,0.5323347188766651,0.5858559217370701,0.5330331882854167,0.5095178118332307
0.5059598654875733,0.5135994064740504,0.5530691612919636,0.5314741655387814,0.5309159302342156,0.588616049503931,0.5163177102148874,0.503092347257528
0.5048969149700251,0.5059931421791025,0.5160659640758455,0.5342869013887446,0.5227622214577343,0.5326238926228974,0.5135559714504495,0.5091692354549482
0.5031044193082477,0.5130768342997745,0.5350293358043233,0.5161879922143912,0.5176102690830193,0.5055305473911894,0.5155723039213354,0.5094741542903485
0.5071690153704677,0.5095913260384138,0.5433501703529431,0.4995111299446434,0.50903761041205,0.5161322132669725,0.5090645800757226,0.5099209388714467
0.5090104825694332,0.5268628353231297,0.5298219871306686,0.5018881267759848,0.5222512043186573,0.5252983914475838,0.5342484525923585,0.502828461719676
0.508349717769828,0.5312817202667653,0.5343133172897547,0.5011793092631363,0.5275530006019425,0.5256444534336696,0.5323401530005372,0.4994362805444967
0.5070791447280808,0.5225697103976192,0.5121735007421021,0.4991513200220145,0.5346539068009551,0.5166393110470838,0.5590510971628861,0.499825231982915
0.5071378331183706,0.5151468807927826,0.5108623543249353,0.5100912269602975,0.5362357113407444,0.5262846056335212,0.5525913577639772,0.4974513870875688
0.5340203796669996,0.512672970371267,0.5131530083076206,0.5329316728490701,0.5226862519790219,0.5340462124157043,0.5246644980849283,0.5439695654514501
0.5358545261532297,0.5039031111621554,0.5049939109046673,0.5449663586379975,0.5282877571616462,0.5382998586727563,0.529309118048585,0.5474404348892707
0.5340262111391478,0.5008148104776982,0.5094839286079718,0.5436232191435442,0.5265689544371502,0.5237089343033111,0.5079278515212199,0.5551643965536088
0.5352387674720422,0.4975974109127767,0.5196437176843779,0.5267786561037032,0.5456933046303151,0.5307748526726097,0.5077567031694674,0.5304547309755075
0.530445369460548,0.5071968738450497,0.5551421452593346,0.505577774755667,0.5414669828734747,0.5316208203841606,0.5072590288760503,0.5101078959279937
0.5297323936749072,0.5090917715379035,0.5666992563295258,0.517952086831879,0.527689242727363,0.534437331952847,0.5323950315038445,0.5242658897969135
0.5311327379849328,0.5048645016356459,0.5476252855743943,0.5167645261645231,0.5191747371959707,0.522569052955882,0.5358515095724506,0.5185851910809511
0.5034773583911663,0.5001362152554599,0.5394609338448002,0.5188943784528214,0.5056028940376694,0.5100706794915062,0.5309787475505726,0.5252806669839999
0.5048983686436909,0.5104816353182313,0.5169167084368046,0.5084959622254891,0.5024969171742788,0.5048891473675473,0.5032511258597456,0.5224415909156189
0.5155715321132385,0.5236897018254737,0.5197154110834923,0.5015095231608612,0.505810894157019,0.5096245816070235,0.5074551933484447,0.5221105537550979
0.5135382417567436,0.5276697224889897,0.5215024275099074,0.5014200025444978,0.5196000544853074,0.5158627959784031,0.5064147834999897,0.5177959691808746
0.5142891040247737,0.5412741663274353,0.5095141965588341,0.5019907858987032,0.5188341958853627,0.5222700967266465,0.515962800115503,0.5036289382863202
0.5033895352524818,0.5374641863618255,0.5083728042452732,0.5026763702808617,0.5243572837827994,0.5269169012684134,0.5177208104690487,0.5026688744117068
0.5060017051163239,0.5135142202128772,0.5089834674523688,0.5225144017184139,0.5116748748307883,0.5113725235269545,0.5179982033873196,0.5134511336712385
0.5014907057592426,0.5165759000929535,0.5076244112514875,0.5430416293231292,0.5143468829959829,0.5055650415117253,0.5212723856742196,0.517421130544508
0.5096467256944298,0.5033788745706772,0.5147203245489378,0.5461702814700856,0.5250710498101582,0.498065330965203,0.5171369355511378,0.5163123377628179
0.505979231667283,0.4965751282329726,0.5138930203415514,0.5291806159568964,0.5341381531849994,0.5120665523657334,0.5151283590453438,0.5097125209999276
0.514695304174071,0.4957548848596904,0.4986589087030386,0.5044529666439009,0.5636379578519832,0.5459528751613715,0.508128673113109,0.5129548236395023
0.5197528027937623,0.5116000954251084,0.5284467767584721,0.4965324698814856,0.5587001225039383,0.5499715639660357,0.5055701851006823,0.5243925939226989
0.4982788775929674,0.5124053895236224,0.5350260542370833,0.5112446153525343,0.5376173549439223,0.5575550658590994,0.5286737476464252,0.5231034940737145
0.5016854545517561,0.508711622813548,0.5333568389700709,0.5153449159581168,0.5421396767263879,0.5399677287436101,0.5308791936709701,0.5290867186666646
0.5011668460747674,0.5045980676933549,0.538103728953091,0.5116621933637064,0.5275086971183929,0.5083312725545472,0.5283514863080162,0.5242191934716325
0.504699570747145,0.5028983313305188,0.5506315243211947,0.5063957727652522,0.5302160857078104,0.5045459982168878,0.55477278266454,0.5204876591515257
0.5081595556194711,0.513741845934036,0.547756302429646,0.4984656554732458,0.5243668768456242,0.5090044959099282,0.5490858555270169,0.5255608621737402
0.5067405322323226,0.5467609393247623,0.5189969262333034,0.4979338327635618,0.5200357342592471,0.5355013221931513,0.5556835783904736,0.5199238310162333
0.5091856259777091,0.5576726508096566,0.5116304993456217,0.4980224235144522,0.5184643825580469,0.5341813247541582,0.5275587699901,0.5019165921424694
0.5089455672804064,0.5648254326746703,0.5055708386709699,0.498128794923272,0.5209543665102169,0.5314757958596316,0.5072798198153141,0.5091408841088282
0.5185553664699568,0.5313559746499074,0.5173964665604418,0.5199452842437968,0.5124337931015844,0.5302797093890781,0.5049792206882953,0.503159920225544
0.5242638075743868,0.5100661276812924,0.5177787538586601,0.5285158242497927,0.5142805293504487,0.506906906341422,0.5064686259368667,0.5274321265660497
0.5253286694130429,0.4966694597555749,0.5164283994183528,0.5293348821178928,0.5206083106938719,0.5061871089210277,0.5025879621021101,0.5319294282199206
0.5257783420535304,0.4959621021777106,0.5160280398419603,0.5169705125172551,0.5207201612370662,0.5100213384780695,0.5054112657262264,0.5264879261019625
0.5116584440543184,0.5213511723407932,0.4996484109514087,0.50698661225589,0.5669512371852459,0.5227266970601409,0.5157766080322124,0.5154293712274103
0.5112942012337851,0.5254347164021029,0.5171800232379596,0.504984664680262,0.5712688671889861,0.5426509279045679,0.5209710912418741,0.513032579485441
0.5084215601627723,0.5325873504203048,0.5131330950289514,0.5145421422689703,0.5642253362202946,0.5379783197280396,0.5203062171640211,0.5165510906946456
0.5116230840634225,0.52652536431916,0.527938099694852,0.5163842089116455,0.5433982928925114,0.523294293219373,0.5086059506902728,0.5114818306860947
0.5046021919708165,0.4952404552599651,0.5293670197489498,0.521909221959783,0.508126904456329,0.5212138376489882,0.5182641396195024,0.5116154741809151
0.5070098728876766,0.5031623584128049,0.5076470019324164,0.4972451385942362,0.5092584573860202,0.5180690984498749,0.5396140382664784,0.5083424624161864
0.5101575196024862,0.5069390332815629,0.5126484851945025,0.5010248236366246,0.5023020384549294,0.5246183711008328,0.5335129659985632,0.5157041878204114
0.5173703802823832,0.5127239155104772,0.5080619961171431,0.499047573046294,0.5147069664237333,0.5215221899369628,0.5477502377731513,0.5101999983033995
0.518099596577324,0.5102172892344589,0.5157251597767655,0.4997257420541914,0.5273806594159833,0.5387766195108261,0.5373205933680256,0.505610908664733
0.5286044689236152,0.5017336476161252,0.5163996920719841,0.5002889671478502,0.5324062317203933,0.5368054108957631,0.531673769069841,0.5032804275723891
0.5235426853901473,0.5081375912418192,0.5289361519501472,0.5181251269879522,0.5263148612457927,0.5377699705549258,0.5173459421465624,0.5170359570385393
0.5263690415746434,0.5022394292433419,0.5357797642999114,0.5448285225190755,0.5103672261507118,0.5196498125659113,0.5071504042184166,0.5258336222822676
0.5207778149308221,0.4999203172576549,0.5317799833075211,0.544611108382651,0.5160838274254795,0.5005959864892287,0.5018148912420779,0.5240103323506453
0.5171581247403644,0.5025218981055313,0.5163749337412777,0.5432797462276305,0.5165368230022372,0.5050885299280629,0.5131272786480757,0.5191078013933501
0.5169477680024108,0.5063146556044593,0.5035176695715947,0.5018149673745633,0.5294949718336608,0.5229698037556032,0.5180658012037948,0.5098066020222786
0.5212951423633551,0.5162437562330501,0.511975141748023,0.5091835870920485,0.5445985181479016,0.5276665995670322,0.5241640677088807,0.5302673250300555
0.5226231247542095,0.5245759920428869,0.512271161627778,0.5275370251827742,0.53679453035931,0.5267181558685161,0.5188623394133194,0.5363284369222955
0.5135726968572047,0.5113292034823799,0.5087768237672967,0.5280901852289128,0.5302306524338009,0.5155493175227988,0.508692868339037,0.5207773227603176
0.5039177033105692,0.5006808789759739,0.5008860771467833,0.518447897549114,0.5110043525129815,0.5057698314563571,0.5185176157244881,0.5247021657865669
0.5051934709565021,0.5071431236580993,0.5056485261248036,0.508718593215285,0.5096828657596225,0.5090513193672072,0.5304343426095005,0.5148383492965108
0.5120905882489407,0.5153990906789995,0.5164052794575811,0.503048168911452,0.5094973334280146,0.5091094654974292,0.5054313929080212,0.5126056112820716
0.5147568832841177,0.5308295620972283,0.5184733227352252,0.4980549308514297,0.5149150351008598,0.5169206279213862,0.5330318794722922,0.5053884945241085
0.5308051025181892,0.5459856555687314,0.5109707605738195,0.4992134174009197,0.5232374671931743,0.5176437988581477,0.5367682804519548,0.500768903287188
0.5140183709088759,0.5015377872358714,0.5032040653222747,0.5004878860927943,0.5047636341654621,0.5021264237332377,0.504665451291136,0.5156780823606292
0.5234022573804745,0.4996211453137299,0.5046202791996438,0.5004622793099754,0.502382875217153,0.5000879495530137,0.5039664388489713,0.5191926497661723
0.5189805469009005,0.5017630617616131,0.5039764998876359,0.5003410144716057,0.5039119265874192,0.501657544901137,0.4983157531140015,0.5188663894628522
0.5234928984020252,0.5053663760897135,0.5037459983974422,0.5005334585632906,0.5074471942262415,0.5227195003422728,0.5078830699198699,0.5049798659643048
0.5271542572367902,0.5040128185654718,0.5043087816656788,0.5005511593626821,0.507291471299417,0.5222030795080037,0.5106743187610586,0.5014425854219875
0.5224740398306069,0.4991801715944071,0.5009218559240707,0.5007817065720763,0.5113698675424203,0.5270639601249614,0.509179054337746,0.5044976450825561
0.5158918841867798,0.5016401243661253,0.5025899774706728,0.5266091043784026,0.5055069984524371,0.5102633491546275,0.4953013674218893,0.5104969645815147
0.508554138461393,0.5029705566710232,0.5044074894786896,0.5251507178634416,0.503972221213694,0.5028022688256507,0.5014546923324115,0.5204558416273165
0.4998808320376146,0.5014954997447073,0.5011375482536957,0.5384961016930424,0.5198949665270428,0.5062247572487111,0.5055417054397068,0.524465458835163
0.5057567867430226,0.5029035385125576,0.5034804641750957,0.5341940505045703,0.5222971432197793,0.5234940675930332,0.5089558968910862,0.5213002940206296
0.5093809644485874,0.508307164961057,0.5095429443271485,0.51632536156799,0.5257150537514934,0.5458241004457963,0.5181336984279397,0.5042360152015827
0.5092749223529832,0.5101206900313241,0.5062607656799333,0.5039062618112249,0.5111326340986749,0.5452182494581029,0.5167275024032956,0.5172805454801995
0.5054037546952882,0.5110740220390008,0.5030220876965452,0.5222470369983405,0.508583720986611,0.5312175032285296,0.5178558362029317,0.5217753649729706
0.5042719188141964,0.5016849611010484,0.5027226404289085,0.5263447223651536,0.5000009565979321,0.5054827968178505,0.5215999323269205,0.5169484183509668
0.5044268238621886,0.5021924784870307,0.5027313520127973,0.5187126974949329,0.5071357231776837,0.50015750895541,0.5182051740841231,0.5290976234981922
0.5228557281965597,0.5056279134509754,0.5106165763769686,0.497909869364139,0.505697571293567,0.5040269293976121,0.5149471356532033,0.5204644501603547
0.5242525721043062,0.516277703809867,0.5083905780857946,0.5023600303044906,0.5079866953040431,0.5129623271856689,0.5188368047960055,0.5165727317830706
0.5312084595906917,0.5213154019731481,0.5088265821831162,0.5036666013478593,0.5127101377862106,0.5338913875948881,0.5139278545618546,0.5028064085327122
0.5275374655937043,0.5208460834362512,0.5097896316116719,0.5037519514768202,0.5106110098439205,0.5236155814035037,0.5131462401240876,0.5020726906974802
0.5225933367391428,0.5044568356733304,0.5042401151139864,0.5048145087905639,0.512489131145603,0.5339383685651131,0.5070780374875425,0.5015434793008571
0.5075649762991316,0.5057303913862675,0.5068087105861007,0.5064702950355282,0.5061495778350372,0.513333494214132,0.503440920640437,0.5044396604774964
0.5057902380926791,0.5029281837868942,0.503007244123233,0.5154583219153261,0.5056390642325003,0.5011925675593769,0.4988589529568131,0.5108484834381011
0.508076023397222,0.5046980763213231,0.5008228641835493,0.5225440032968126,0.5172005078758544,0.5052903961688264,0.5233868648819402,0.5162932255178397
0.5133085715306784,0.5075571380015631,0.5074133083677885,0.5164627716271583,0.5466568947133208,0.5173741794507551,0.5318173448251882,0.5151159953556825
0.5169749378200574,0.5067499061816704,0.5310464204151771,0.5190921894046105,0.539613211660743,0.5205567514416208,0.5299212438844161,0.5164748090025927
0.5108157049701137,0.5138695843714498,0.5285040575514998,0.5178410825152366,0.5384318594919479,0.5215162137899582,0.5291510420166949,0.5161615904875727
0.5112683639545883,0.5064208585277958,0.5206457854073022,0.5207838771700193,0.5360293200706993,0.503080728158411,0.5214854938019138,0.5089133337126921
0.5031631329754179,0.501290839180857,0.5105858813457731,0.5129967974363018,0.5035569061486315,0.4978377749146278,0.5091854744042644,0.5235365812051802
0.5099572892032979,0.5074665231075428,0.5150691557555755,0.5048774608489933,0.5071672491452739,0.5018997558083724,0.4979833583538453,0.5219773490512492
0.518637933959071,0.5167872368479345,0.5252922206483666,0.5075313529421235,0.5003707139580063,0.4970411840439798,0.5037873577097501,0.5218153860697997
0.5228844009560385,0.5197315999670907,0.5227985879396024,0.5018513983964396,0.5076251623934347,0.5110787704676321,0.5108008188714184,0.5194771795344666
0.5158207123245605,0.5153825350766087,0.5149416355801897,0.504197662199484,0.5111112526222333,0.5161044934959234,0.5353230519421666,0.5070077329091489
0.5155617389754691,0.5097906012693334,0.5134726298475735,0.5008609235907749,0.5188006945179847,0.5138549733032872,0.5295481737280769,0.5049404859441394
0.5149760801144034,0.5019093735699208,0.5178954782565344,0.5023763896093001,0.5171183500105564,0.5028589488519343,0.5289099695049468,0.504424076368031
0.5030160748166755,0.5046772200341976,0.5283390220687934,0.5027032012726949,0.5081829256288373,0.5038790966475438,0.5148074462978011,0.5023643124460708
0.5032226858079011,0.5054417143644518,0.5272642388771637,0.5068390532892529,0.5159403119350627,0.5036172547642559,0.501192321593504,0.5060861536611531
0.5033775691996347,0.5040532888157911,0.5184553186704135,0.5076098243315615,0.5153376645767405,0.5102459365552513,0.5083943276009467,0.5070400542994457
0.5055799811661084,0.514376499678782,0.5032316389497505,0.507516635098757,0.5294074738664895,0.5270033236043549,0.5184292188385919,0.5043675075389195
0.5212965553009522,0.536324453622897,0.5270385631273603,0.5161828529208625,0.5265901310889931,0.5292596852961106,0.5390204241551243,0.5017162037650945
0.5261894633914206,0.5315392438421075,0.5260540274840286,0.5259917617928884,0.5207851027865635,0.5289454236953218,0.5315895649114556,0.5119215233343315
0.5233502753000003,0.5163038321493024,0.5321157389559743,0.531680110118164,0.5149306391019279,0.5101285610314747,0.5327426686197739,0.5162768906077556
0.5185846058422534,0.5122948260689335,0.5462136800462735,0.5267474135602916,0.501234054395962,0.5035061408450124,0.5060134857165952,0.515150036931476
0.5152932520121873,0.5084263566033016,0.5169625677761646,0.5113409710913922,0.5032339222176474,0.5180755697473803,0.5032107914906395,0.5250535562372148
0.5233695365052955,0.5204932121473592,0.5251287896750644,0.502684590639978,0.4998598416263748,0.5120237055872174,0.5108518897228155,0.5217165276726472
0.532140074315033,0.5258486052986289,0.526104856981201,0.5023524807722546,0.5141469423269791,0.5389561224767426,0.5089247473473724,0.5192262784857228
0.5433517761470152,0.5279213583924208,0.5329901348840724,0.5051150797103614,0.5127217319104249,0.5364680048209485,0.5248184555331928,0.5060621491040652
0.5311446995154059,0.5262652245515447,0.530076394108135,0.502934040220876,0.5150033610409736,0.5250798449611516,0.5253761971846374,0.5040819288159399
0.5254099224201247,0.5028401717684512,0.5226937403417568,0.5029205408493878,0.5174031798043658,0.5249139167594791,0.5079433627043225,0.502886141693912
0.5149882543888015,0.506525387776064,0.5048266914078815,0.5022875628960489,0.5057708066009687,0.4997825917094949,0.5077316422053024,0.5027345700217289
0.507049453382421,0.5012459323869924,0.5036065677145324,0.5030862861652657,0.5239934036001231,0.4989850712587626,0.498818122539233,0.5022156395897139
0.5130476982952594,0.5200362572643162,0.5099634932326599,0.508684145540436,0.5229931419662568,0.5210401942246302,0.5102255835246051,0.5019237365578922
0.5550970968529778,0.5309474600603823,0.5193368674030241,0.5062128512420412,0.5736022722014338,0.5502271559632799,0.5147291962973878,0.5146263087744254
0.5600020552718847,0.5648212011633243,0.55889316907319,0.5133220399622648,0.5895443836232585,0.542357000433344,0.5360060800270576,0.5220455490655117
0.5838175983932564,0.5690829778442027,0.5572429555523097,0.5265653386024961,0.5797709016187907,0.5275851826522894,0.5425955010874001,0.5308495369492835
0.5518458189261711,0.5447511140096135,0.5384561194130771,0.5263211753377196,0.5642988587969907,0.5178355377209615,0.536537518404745,0.5346471030941077
0.5241940226589832,0.5223466145589406,0.5366953147129149,0.5234363138189734,0.5279837730144806,0.5012274741250461,0.5185678561732175,0.5284770398499388
0.5132854988200402,0.5233349443293532,0.5097047862378372,0.5010938243547013,0.5118392274056535,0.5027211830918127,0.5301504272295446,0.5154082041159229
0.5133240000247206,0.5255446866738507,0.529157294927753,0.5054599713343317,0.5019511398887824,0.498455099523491,0.5287584197214605,0.5203579672840484
0.5166880179926415,0.5372807719927564,0.5192034453235567,0.5031501849489116,0.5134542132836344,0.5089150855112944,0.5243782487979559,0.5132496487735385
0.5348183051239508,0.5533847666770395,0.5266764352504721,0.5048167509448424,0.515638336196436,0.5353501928839085,0.5340002971195846,0.5016969717582515
0.5267861755295496,0.5348075929903325,0.5225584982972504,0.5041106399801285,0.5152535429776106,0.5303426420676994,0.5152214475501917,0.5031048172974782
0.5217873115113775,0.5043328681584789,0.5097801285480495,0.4996317550276318,0.5159004326423956,0.5237549334352966,0.5023606652507253,0.5017169765714669
0.5189089549424352,0.5047452694060145,0.5179323835209944,0.5199241141001191,0.5177311577940956,0.5138010094495585,0.504264148703333,0.5139872820460606
0.5039165163542356,0.5023313380423612,0.5133601421227632,0.5202311951065224,0.5289082340903292,0.4992547402482733,0.5090680225644194,0.5180024427082465
0.5055500065275466,0.5050587159231352,0.5110037298399597,0.5124859024359193,0.520740238063175,0.5353773959684484,0.517851850028185,0.5180845791271944
0.5204656006410311,0.5071186445388226,0.5175787411499754,0.5092692454924828,0.5387907536009398,0.5503285907195167,0.5232978877112169,0.5159496824917181
0.5317346802692595,0.5368030258612665,0.513230926115237,0.5125698023369587,0.5553996332014428,0.5538798686770211,0.5356912904389692,0.513487570334141
0.5728591001523117,0.5349766852482705,0.5263864159028634,0.5257995678059161,0.5451361070816511,0.5384333806129277,0.5470044481278112,0.5205657064323133
0.570271235592514,0.5338159011951837,0.5311098136029017,0.5322411183423216,0.5659199951496131,0.5139306876036576,0.5192843971193426,0.5234055397203923
0.5509696664887922,0.5304018453685767,0.5454241923292809,0.5256751811125719,0.5310956754482501,0.5002644346909925,0.5336691831441358,0.5303185621073748
0.5219766428642059,0.5189013559234649,0.5440344994773869,0.5086619638192446,0.5206151326262912,0.5002734369992153,0.5410457622930024,0.5282796532084005
0.5170890483481329,0.523088119689479,0.5527658989231077,0.5017713207283148,0.5193563146802197,0.5115165883945682,0.5277432203124754,0.5267108978887303
0.5175710232649434,0.5305047663225712,0.5514430968019816,0.501313179752531,0.5228097419055252,0.5137998216122132,0.5155316879246723,0.5210515352385712
0.5168411932724273,0.5210116717844527,0.5302234303952902,0.5033923051828835,0.5317770703806393,0.5149496604548316,0.5305877134091153,0.5022189851611306
0.5200463095707438,0.5072637955832965,0.5226798595787059,0.501202294308502,0.5325558965437961,0.5179495708459702,0.5245640798351053,0.5056095673448501
0.5070989084313271,0.5087468643523416,0.5109906858597649,0.5281407461810423,0.5095236284861918,0.5031561181961383,0.5191341440371657,0.5110569695234378
0.5085129207548764,0.5061852890046694,0.5126303731892397,0.5397531637008153,0.5086707019106484,0.4984143316931411,0.5055374197020154,0.5254192859697168
0.5086086119610127,0.5056277265712987,0.5105156074180643,0.5594543766411486,0.5198937799328722,0.5038653871901897,0.5063923587370968,0.5608007756128645
0.5167863371803482,0.5164288284047197,0.5127325593632323,0.5699725805618233,0.518747277970204,0.5202358040475973,0.5067141341123371,0.5577372561291444
0.5343875663724954,0.5179352380971344,0.5440882348294196,0.5386568003762269,0.5459213416159744,0.5496590851126917,0.5307746306293285,0.5469246979515648
0.548575576708298,0.5304513210406635,0.5555966475343939,0.5068711584907121,0.5500315781604332,0.5514800766436609,0.5389306934222459,0.5217154423406263
0.5456554314859486,0.5255261440016633,0.5540390671523253,0.5081161964200155,0.5336118661521382,0.537852108174712,0.5427464438878912,0.5138248304776507
0.5289067870047399,0.5209355410819788,0.5410215959009388,0.5089396202526677,0.5169291888484385,0.5004264279473312,0.5407251565051663,0.5127391817197984
0.5202827259801522,0.5160018968309035,0.5251962664531237,0.5044063218103745,0.5117407995839971,0.5000102167606908,0.5166619775929563,0.521838925044296
0.5134083359997822,0.5281549175874989,0.5056261549151062,0.5006644826426091,0.5107507047565298,0.5028393933933479,0.5203776280665882,0.533713403739319
0.518847249789067,0.5234126076519794,0.50851672199041,0.5018418901893883,0.5077373006739131,0.5024957487742863,0.5307729986366156,0.5277661778671213
0.5299843098222015,0.531240803236094,0.5334623150400607,0.5039779456521413,0.5299813343394166,0.5050283427014739,0.5398834808597428,0.5181794080091814
0.5404790308861228,0.5674440500468396,0.5295256381835894,0.5039244075112248,0.537675618436412,0.5150116711770958,0.5314145920013585,0.5039661905780384
0.5303407946342339,0.5468794048312505,0.5302923327244655,0.49922975298857,0.5341021519433197,0.5195841473313307,0.5462551866110956,0.5036063468065507
0.5248877051953851,0.5374535351397018,0.5311837807331184,0.508602291323521,0.5424770084014316,0.5099529904857711,0.5292244614715551,0.5002981953443068
0.5175679835025692,0.529244511002067,0.5074948124800142,0.533033086367695,0.5183211215574294,0.5102916887078601,0.5174605241463668,0.5145187237149671
0.5185546259529797,0.5015528154534934,0.5121884053127945,0.5319411313489305,0.5123272311284205,0.504272971569682,0.5050633539853324,0.518146044740406
0.5157496790048789,0.504460376246296,0.5148297674288508,0.535366012979177,0.5195005159447376,0.4953974457753609,0.5146954433524006,0.5261996616904014
0.5225287267060946,0.538276329537401,0.5033580021945138,0.5240788853014671,0.5367390448876479,0.5273841062279285,0.5173326696110546,0.5166478488287928
0.5230689988927967,0.548027766711534,0.5115793000800527,0.5306561563158959,0.5564026220504905,0.547136701847431,0.520850446823586,0.5163524671242206
0.5118870817720365,0.5546271372992475,0.5063195440741542,0.5448891160407208,0.5549953878345321,0.5352687607136691,0.522661585464695,0.5115253849596861
0.5096330918806274,0.5324346116167562,0.5088499193991041,0.544453586525256,0.5338255095057832,0.5064359596957155,0.5120995026564131,0.5142622551887793
0.5041170969603804,0.5243659990189012,0.5033410608597936,0.5393516247583152,0.5061174586345313,0.510782397192839,0.5180666816578783,0.5226994053846606
0.5021585963746932,0.5329230734775481,0.4977990845257997,0.5115276882218431,0.5008633416858247,0.4975920921303774,0.5151421890493857,0.5362704004331448
0.5106640280840417,0.5435902197447078,0.5092910025486831,0.5012410310634163,0.5029877787891206,0.5130736258419294,0.5340682709803897,0.5381457363999155
0.5160039017675246,0.5587205988992299,0.5160272657862056,0.4999606840333114,0.5280143960014448,0.5117787722247436,0.5812597308227689,0.5277586142064624
0.5120010284193804,0.5848130763043494,0.5281649409932668,0.5006477449369922,0.5310264749946373,0.5251021707521392,0.575994340791786,0.5067956262922817
0.5027768247198697,0.548978454665822,0.531656699559905,0.5031241179200803,0.5314241205403113,0.5273200836732214,0.5862241699683602,0.5055457974211333
0.5139283858410112,0.544892391730931,0.5230145859189802,0.5024343708906026,0.5283904918238767,0.5211530364189861,0.5425262226603016,0.5113918582034509
0.5104776205244204,0.5375195412058106,0.519759337349094,0.511629554610238,0.5098415048219687,0.5033028505737188,0.5108186142192761,0.5100884528614478
0.5131111057580159,0.5038259049402036,0.512130940339584,0.5169042015822407,0.5054840937820573,0.4979814806253465,0.5141946550971013,0.5113072178516177
0.5137379773394074,0.5020255309417774,0.5227808654257465,0.5163510256784706,0.511197830616443,0.5184550659069602,0.5347866415705287,0.5090278329133989
0.524174015267032,0.5240361805898386,0.5253804584257578,0.5095875625836636,0.5404030215412912,0.5475719465105321,0.5424356515932461,0.5076921443789176
0.5244455807940195,0.5252163096548059,0.5447872755424629,0.5090059405356762,0.5319767600872017,0.5630350555856091,0.5617909687351148,0.5163209788026522
0.5184390667920658,0.5319026544174067,0.5574102336461628,0.5110743916968771,0.5283000730970103,0.5658586350639487,0.5714028780340861,0.5139902349210653
0.5217109287888928,0.5325664451011572,0.5533952771652152,0.5093185004524508,0.5342952225952421,0.5476107961962488,0.5314017427790667,0.5206717007901898
0.5218249749706507,0.5109681522112858,0.5305178228945985,0.512156643806036,0.5020700439182985,0.5165933140768852,0.5618632335323266,0.5147507055771602
0.5162595589079956,0.5155821973764811,0.5046038285706471,0.5045160661527202,0.5038991140160554,0.5009139705252892,0.5444241101157398,0.5126252453467381
0.521839326336947,0.5234010827796646,0.5117616100854868,0.5024670142335227,0.5071430013093672,0.5033413567221882,0.5255238507667113,0.5161078800567515
0.5181381208509063,0.5423412947908007,0.5195708858256664,0.5055987140567596,0.5094861780407768,0.5079235423455444,0.5248600974100582,0.5105768113512167
0.5086448477455652,0.5421155551555448,0.5186121328238861,0.5044055686498767,0.5138932897333548,0.5046695103335912,0.5127705017251326,0.5030107177167734
0.5193851628712982,0.5412751404292214,0.5258008998782875,0.5037900864338979,0.5181805240581709,0.5056142602053463,0.5151111114299239,0.5027989137395189
0.5208210177284421,0.524639157526362,0.5152427659859302,0.4984575716193435,0.5056495074293884,0.5062920915782202,0.5132128203512141,0.49923076115301
0.5066561420893217,0.4991499612506743,0.5000182948920098,0.4998096922308119,0.5038327833089631,0.5001401143068267,0.4996763707830464,0.5169758453060534
0.5140234723524664,0.4995636118564454,0.501371029881736,0.4998046122455775,0.504104768445027,0.4999046246496724,0.499956851866727,0.5361933919926901
0.5299737688629338,0.5013620949329096,0.5010384042475496,0.4996460385510856,0.506420221237608,0.5036521145218397,0.5031291844260577,0.5388701013131794
0.528261167379667,0.521747935122346,0.5011627102719889,0.4998742686969818,0.5095080943778736,0.5149850593234179,0.5034790201952567,0.5185821803676097
0.51603980343559,0.5231292429312072,0.502162949206673,0.5005279759334608,0.5087723888245954,0.5113949989874723,0.5221816304696858,0.498067503025031
0.5172595598232325,0.5245223791894914,0.5027094707389581,0.5001377543991636,0.5083741341934472,0.5127546805837551,0.522211779582461,0.4996084041417535
0.5138723004196192,0.4957908728194553,0.499772649503544,0.4997921425081338,0.5075118369993953,0.510564703375754,0.5145837126154698,0.5021190785796047
0.513805341266928,0.499389764059474,0.5036138677130124,0.5067851621720048,0.5042725693965721,0.501571670398856,0.5103635664450878,0.5039981775045791
0.5030489342738131,0.4994209114426473,0.502929076404568,0.5099352300818544,0.506379814906963,0.5019684765390242,0.5040879492478089,0.5025936177464051
0.5026241342779492,0.498911705575199,0.5012033732116206,0.5119658684871737,0.5124244068788693,0.5109370025731117,0.4980369504773108,0.497614876870685
0.5111712453233258,0.4997096061745778,0.501301836510087,0.5104850940419676,0.5141517637547239,0.5144978500437754,0.500156789179588,0.5062954553824851
0.5089126746367547,0.5048776532266568,0.5029530667642135,0.5071795152408958,0.5148842719861112,0.5235342062303219,0.5190649130899747,0.5110567132195182
0.5121327947413956,0.5029714499634648,0.5130402203523513,0.532051864644397,0.5117282390571709,0.518303377694473,0.5255414578848657,0.5165307457502984
0.5148580396265108,0.5027586162405321,0.5096061815891068,0.539502579585677,0.5154493791242595,0.507623973794234,0.5245005073796796,0.5413722791174179
0.5091537203827093,0.5001168254262802,0.5153565916893579,0.5400599906502318,0.5249245543035962,0.505812699783891,0.5155146708350175,0.5245608150179928
0.5097523142972944,0.5046794884554489,0.5216236817094861,0.5294457738601941,0.5230736137476463,0.5045833105654645,0.5067554291039781,0.5272044647404995
0.5204188096064599,0.5233544519864215,0.5141934562711712,0.4954193539371758,0.5179938485076528,0.5073062804211943,0.509576483773752,0.5242002040819753
0.5299919060651718,0.5138528314484709,0.5172465110532893,0.5009915113456469,0.5170890207493649,0.5398464590836037,0.510629039217037,0.5284393866893943
0.5358661047359163,0.5174624361912474,0.5189840711194975,0.5041640370537658,0.5134317383176978,0.5470770533709023,0.5144528515350307,0.5272813024112933
0.5330348251173536,0.5047288560641461,0.5167433616531854,0.5034600790616247,0.52030672080526,0.5322335382507382,0.5189810616114444,0.5239099854633552
0.532062662387735,0.5050379701210561,0.5090776281011105,0.5044535724081188,0.5157600690523965,0.5064126076469665,0.5139084900281756,0.5167930141280205
0.5289616983122892,0.4981558524701899,0.5059051292934491,0.5079287915278544,0.5184377230713894,0.5046640286910337,0.5207048503780559,0.507575997040371
0.5156544871251779,0.5002863997599393,0.5037924314127697,0.5252798168211481,0.5157289679695013,0.5051101592133387,0.5132292475007291,0.5105001671161332
0.5054459485539249,0.5025507257839285,0.5010566144915414,0.5266341839673278,0.5184650161951465,0.5008990533873051,0.5130010469640122,0.5139518164574065
0.5166322157017746,0.5048545903185107,0.5081066194992043,0.5245836470806972,0.5219605653447829,0.5222234393848448,0.5026629458883924,0.507766130683164
0.5160755206822508,0.5116944567543973,0.5098721351587103,0.5350794741279589,0.5312237131230745,0.5268349386363412,0.515461549846404,0.513667372381869
0.5119450086941527,0.5111084564616235,0.5105327854910254,0.5573604356749284,0.5238242698370886,0.520127663698752,0.5189147338787367,0.519881447429117
0.5171741848608966,0.5137237137442611,0.520345549660623,0.5630530838701461,0.5461717197359037,0.5087381115564852,0.5229386157868503,0.5089406136579738
0.5104065198529619,0.5118384259281015,0.5216000111575587,0.542792843710359,0.5352040454583851,0.4999517622912952,0.5256230872052715,0.5123937365649444
0.5172859462353693,0.508519046674737,0.5179432718223104,0.5167484505478737,0.5300889098693047,0.5013272777672514,0.507819067478851,0.5192114464629254
0.5285366957384662,0.515277660308627,0.5287451513148668,0.5055347535807623,0.5291853072787583,0.5059120408733845,0.510205978995569,0.5229213572795668
0.5333654575904966,0.510372783955713,0.5095497427875152,0.5035757720421778,0.5166562731674483,0.5088387039750576,0.5161742447085089,0.5379122106206131
0.5313862395050082,0.5043745805338806,0.5138497033844182,0.5025896215055353,0.5165785706727224,0.5077004412184566,0.529363998145568,0.535391122484603
0.5392925739556217,0.5027333475628942,0.5064396288062786,0.5022577152397321,0.5192401371188982,0.5106638105048784,0.5249420335223818,0.5367757193636816
0.5401003045449317,0.5045014841180553,0.5154265504269554,0.5070325193725588,0.5093011888156622,0.5005139328360516,0.5177801737699201,0.5261343750603483
0.519059703968337,0.5026807785476656,0.5126052594261107,0.520828362406829,0.5128416439292924,0.5037833061524853,0.4992859189968707,0.518351246427878
0.5230709070476719,0.4962628880140601,0.505443453616055,0.5164435731084357,0.5177931033867971,0.5173621249392045,0.5061804995139021,0.5226374625900089
0.5025979767719123,0.5004477494421237,0.5206190996434968,0.5165227723334375,0.5304878892612135,0.559371369919016,0.5045668399097375,0.5274180129640608
0.5235863250595124,0.5010752770777089,0.5415311102671946,0.5169516364350705,0.5349969477816972,0.5620493448391252,0.5114693143667008,0.5065486166594982
0.5477027046884725,0.5213635426002801,0.5353154593520049,0.519684464124644,0.523021790678578,0.5526416566203513,0.5279150002081113,0.5223942468547296
0.5533280733218905,0.529809690597744,0.5452580068269106,0.5250576746364611,0.521908792075853,0.5261347911330897,0.5269066711614535,0.5203077889253974
0.5664789883883176,0.5275084648727256,0.5502598092452828,0.5287161706196264,0.5168704344994267,0.504457764982054,0.5183877191981517,0.5398767102562804
0.5195461774402765,0.501301246997282,0.5316626657650911,0.5296755204506559,0.5107143930141674,0.5026559607249318,0.5085846721875693,0.5318173697020998
0.5395466930350119,0.5280985976591842,0.5545471054001101,0.5431445629821983,0.5040984700796308,0.5025310768571315,0.5195207284972394,0.5340284739229283
0.5138238523860572,0.534718147844176,0.5504902876841903,0.5505789609242915,0.5020698555749382,0.502568167855702,0.521720233674084,0.5222955228372065
0.522376978162348,0.5470010141859174,0.5428745763508604,0.5317354979156372,0.5199554268929718,0.5224149012594999,0.518367514735308,0.5071075784975232
0.5049564849659234,0.5511017324934211,0.5282106718949217,0.5160046663600127,0.5408563034141193,0.5205946219986477,0.5177701926688035,0.5026408164820031
0.5170415645251607,0.5267853505566724,0.5110693962816715,0.5127634767625656,0.5366472757137579,0.5181609507760854,0.5129811198412892,0.5032699558954673
0.5225519728081052,0.5080330033236042,0.5079166861599517,0.5146888348189057,0.5281190024583288,0.5150715877090999,0.5072787763602419,0.5055148564444614
0.531084662663626,0.5058316900067438,0.5138329156979374,0.518434154467298,0.526800920993806,0.5003598174455961,0.5029384931336853,0.5101694933400249
0.5364482689816408,0.498766233640391,0.5252761395429083,0.5358111055414106,0.5224068636237496,0.5227108316012928,0.5010555827503759,0.5082858320162623
0.5242146576063654,0.5042688211510201,0.5179270002048285,0.5298684035089338,0.525169929221714,0.5241522232388767,0.5073371906825785,0.5064182051525808
0.5134005301546283,0.5155951681786799,0.5503992438826603,0.5396699242463315,0.5353871187432337,0.5132922070767375,0.5127461762155338,0.5118906525486185
0.5143807331602908,0.5110387904533045,0.5464191699553812,0.5351118502816533,0.5272138139336685,0.5224854406732267,0.5248934040433947,0.5013238832619742
0.5167441469417257,0.5071745232519448,0.5243872266686326,0.5463626968750395,0.5110365982664982,0.5006550869229662,0.5225960362690855,0.520305538290952
0.5150824403984604,0.5096836113733129,0.5056776853562283,0.5399585966311147,0.5304503030379407,0.4994999803973019,0.5608699331564413,0.536248457441711
0.5134319819417874,0.5190599045995957,0.5065196761220138,0.5091560627740792,0.5287106808183725,0.50389180124839,0.5664949457638597,0.5542707640464005
0.5232240955841514,0.5606839419596487,0.5059561532142187,0.5012642966913184,0.5245380787194421,0.5022229521189246,0.569992149253687,0.5507553616447327
0.5298513611408617,0.5779162591750829,0.5079887364330454,0.4997477337722995,0.5163533631273429,0.5164734946001955,0.5727665296119625,0.5245553848030151
0.5391763923408656,0.5759027635787674,0.5313990009149004,0.5227086606552396,0.5209157228803567,0.5163496185459027,0.5459933359385412,0.5097512275500378
0.5666445700419839,0.5058986566830341,0.547959688255416,0.5261088234988797,0.5176853340663695,0.5167774616326207,0.5486600595660679,0.511263229923433
0.5602260318324322,0.5019224680145749,0.5527144734450595,0.550243574849945,0.511617323952995,0.5195211997167469,0.5198439957083234,0.5043551938692279
0.5377483000180162,0.5047438885045682,0.5288498143549337,0.5429124192584269,0.5126058851979276,0.498679851920332,0.5168550506842341,0.5032452877586631
0.5024022026314559,0.5004695642697737,0.5199687689915041,0.5413584768097475,0.5151214307770354,0.508651530901196,0.4971193624190326,0.5181662290751146
0.5266196025244682,0.4994923590005851,0.5008330947243979,0.5247663740357624,0.5155277053857498,0.5030797803605842,0.504709116004614,0.5354198035104724
0.5451808652398799,0.5037063125845669,0.5072812410727923,0.5053706356479167,0.522785433735544,0.5306201987730619,0.5101619735087395,0.5273119767999619
0.556200434764649,0.5141047133538847,0.5143036208090659,0.5089038758434395,0.5184932115971709,0.537817819308251,0.51620501074008,0.5376886738035013
0.5493996082169481,0.5160349906925208,0.51727830671305,0.522354558199399,0.5149280960596696,0.5335802814725087,0.51611961034272,0.5320220515724742
0.5172366244584968,0.5158100172898695,0.5101836203150845,0.5140869289792207,0.5200560865551678,0.516580989632091,0.529072585266975,0.5139206677390409
0.5129794035942403,0.5052757422239619,0.5252022378387469,0.5113717193508136,0.5161040797347807,0.504817668977264,0.528274283984946,0.5167592234955377
0.5125970643339675,0.5285455723960043,0.5283231696284547,0.5128628303815105,0.51532641851852,0.506252177965278,0.5223403897964154,0.5195866429952346
0.5168805622732271,0.558527841900205,0.530106857413258,0.5130246700768234,0.5180230143688,0.5061847889913175,0.5308149158297968,0.5179052517832928
0.5290265393758031,0.5508178581713182,0.5155171219116941,0.5131686969783976,0.527112837636058,0.5166985785837511,0.5265603342159197,0.5111146632256734
0.5235484517125039,0.5584591952264036,0.5234648590016753,0.5066645253303861,0.5297618384836729,0.5203539870862758,0.5313716678078141,0.5058761245337206
0.5150747270233154,0.5080094964841896,0.5182862528691676,0.500494251975195,0.5292484632846208,0.526247465197534,0.5346741859616642,0.5007520443069446
0.5072861091195511,0.5011377948892064,0.5066508625102284,0.503596985751607,0.5272688749582574,0.5102291764832096,0.5103712171704177,0.5008026843829808
0.5097944575092423,0.504104694402952,0.5091327281649514,0.509051064712771,0.513315974366897,0.5107671935614491,0.5082936835376343,0.5073856833259255
0.5062520850669205,0.4992500195412349,0.5134621884220659,0.5117790828128058,0.5109646523066896,0.5175613441764543,0.4997859972570417,0.5126961954315242
0.5043584441963331,0.5038314852364586,0.5141265968742855,0.5233505250638609,0.5123766449167871,0.5413600042527988,0.5020720088610756,0.5179853143164321
0.5143660580982325,0.509769447145438,0.5441919265144199,0.5200714968008658,0.5277171819080636,0.5611012690427261,0.5039643902501159,0.519444996836368
0.5150450217066981,0.5184591842967817,0.5665415161846145,0.5266741956135456,0.5236303933138372,0.5618469974393792,0.5219229707012534,0.5171776144232454
0.5159243773821435,0.5192240858687637,0.5649593892878059,0.5298316618596033,0.5170799381583001,0.537539913559349,0.5188034920815426,0.5139343444296874
0.5100131658843771,0.5181577836929133,0.5631935079713206,0.5351341998843104,0.5188248441907112,0.5135269514143156,0.5233923926227491,0.5228189273143534
0.509982272096196,0.5097990703944935,0.5326099471062432,0.5290395978003675,0.5114495833299338,0.5037432310359791,0.5255761290185375,0.5240813736181942
0.5173111657749576,0.5249666171735393,0.5140519962218355,0.5254077409011582,0.5173071818878987,0.5067785692501757,0.5136420163552065,0.5286935702296355
0.5247364175935196,0.5525985307424937,0.5288316229536413,0.5280366459353555,0.5107954100366945,0.5069515642117177,0.5172275227524267,0.5190463715583024
0.5216907949643971,0.5759291986002336,0.5427271445750039,0.5241852473015033,0.5366651348729242,0.5051594785973582,0.5383395745053796,0.5194811129307401
0.5194836221800367,0.5640735473165452,0.5425734200215812,0.5113583818697853,0.5221621824941257,0.5017602566266962,0.529273489607048,0.5133753271716447
0.5036808771673874,0.534383104679164,0.5421198166250524,0.527070983246799,0.5349192953792602,0.4992223881974598,0.5341467371495902,0.5003570338999533
0.5047644941686578,0.5089754487136255,0.5290697350937933,0.5257637568479283,0.533410439065127,0.5027913966344929,0.5246724070442145,0.525184622785905
0.5087758251469241,0.5024805052539992,0.5294960542909466,0.5225447202224607,0.5316045810419926,0.505096061100165,0.5230012933558043,0.5455146491365116
0.5031660973524507,0.5007122947642935,0.5121720838640139,0.52736453565412,0.5329281054092372,0.5247272081007585,0.5287936540821405,0.5535660931945172
0.5042126539888884,0.4976412977463789,0.5039221106617782,0.5078869656089889,0.5322128249457406,0.5281306279655028,0.5077567898867946,0.5549963609266483
0.5076281845464486,0.5099053007862474,0.5287107336464036,0.4984998528469509,0.5497223268473044,0.5339361756560921,0.5312012313881134,0.5520117759026316
0.5131836131893219,0.5208470955395631,0.5245660468281816,0.5019818254091097,0.5390894369040033,0.5253658658165512,0.5352962756675176,0.5411880748454875
0.5060944513738679,0.5263753664195259,0.5318690460459715,0.4998576191613141,0.527801058088792,0.5117252018769413,0.5344548958042767,0.5413929646663989
0.506773439546922,0.530599131611807,0.5123891561439676,0.5061898158860297,0.5243057870150737,0.5059579858709052,0.5348906964799944,0.5176132092165309
0.5080013038239825,0.5059023684825741,0.5308126731357968,0.5064671878067053,0.517065613049099,0.5018129461286422,0.5146870044925189,0.517659431811501
0.5162534191267469,0.5163594482802834,0.5226810346165337,0.5084065128912973,0.5075671929251333,0.5017571581190448,0.5164042599924288,0.5204784366236939
0.5201996513396931,0.545151983675999,0.5394671319389802,0.5003346067272956,0.5263124682862504,0.5095755899704902,0.5370507059237348,0.5208942196598833
0.5224525856957991,0.5386435563341664,0.5491042786790052,0.5056684336365552,0.529270962116864,0.5126002439120587,0.5332380221739701,0.5160368575398869
0.5277893702472831,0.5481964071239298,0.5613312081355217,0.5038036482108924,0.5679124236584481,0.5258607177314771,0.557860023378555,0.537166727980985
0.5245186655845189,0.5321590346800074,0.5700516948121553,0.5188594759136899,0.5767439468706451,0.530874326085011,0.5952798469415297,0.5354491410150485
0.5314436395122124,0.5240948909701965,0.5404566989562138,0.5671594828486242,0.5571861394886665,0.5344252542234897,0.5800638482828877,0.5434725301080591
0.5219438304310742,0.4979324047987012,0.5095217594582835,0.554413682865693,0.5412050780438432,0.5038420334827998,0.5718576428845613,0.5518975098923062
0.5062106669963943,0.5001449901461937,0.5085505332097416,0.5641885460817951,0.5300838901352073,0.51743925992794,0.5414026494700028,0.5316950227657283
0.5049168244227447,0.5000088568462353,0.5131420458526496,0.5215636085605153,0.533688700555715,0.5374713958835934,0.5218511564170226,0.5378745695084215
0.5152076489989273,0.5012629936121824,0.5079044894536712,0.520277505771949,0.5628481319725244,0.5626123066819689,0.5421753632444342,0.5270830674110714
0.5196319044222888,0.5124083698672532,0.5143457735909893,0.5305672890923896,0.5718672845062732,0.5664726169814882,0.5459545554259182,0.5248977278652467
0.5259960991185025,0.5161681517813033,0.5178078304707908,0.5505813585358718,0.547139512044813,0.5405556337169494,0.5233854389425865,0.5220209296506798
0.5212076658715258,0.5184086992843194,0.5155599042762863,0.5471552913577198,0.5309356494804143,0.510819695610891,0.4975900133521469,0.5150299531818011
0.5190959549839446,0.5065040629729608,0.525865858567699,0.5355440514661393,0.5203521865528004,0.5047519047293167,0.5149452400500039,0.5122475074064913
0.5108559982302513,0.5205162412544373,0.519973534942015,0.5112249816493193,0.5102316127757605,0.5042125703474354,0.5183360172171102,0.515425584046089
0.5164067382022229,0.548341225170912,0.5328858720804529,0.5037333820220388,0.5175666047297416,0.5054370937452745,0.5184054697871818,0.5134598609924137
0.5314342540686222,0.547678177119942,0.5292931542835072,0.5002781223334397,0.5215249221199176,0.5191070635587047,0.5162391761072954,0.5252490139311525
0.5503787290754532,0.5561106115807212,0.5268024551949841,0.5075858814499594,0.5122070575796976,0.5155020479489884,0.5078001199429855,0.5233248294737742
0.5442984665380887,0.5148058329823142,0.5132845584522467,0.5059500476080115,0.5204468888825977,0.5237854446192901,0.5108254625428791,0.5289112829516138
0.5533190566451932,0.5077513771247708,0.5079441525991903,0.5007757020347157,0.5285145645475258,0.5098470841914511,0.5128156172153097,0.5270561234072502
0.5098274144010313,0.5006537969590533,0.5019672071382347,0.4996015033692487,0.5023520107274229,0.4981111570547992,0.4995935272758486,0.535297313862641
0.527762918976998,0.5010615005368027,0.5027081008897164,0.4999417488474677,0.5018403807421822,0.4983134969051597,0.5001070561419488,0.5338294481760232
0.5372337302353583,0.5040190065836794,0.5046511420727667,0.5006242415368479,0.5076867290679529,0.49977507963703,0.5043296536857427,0.5213153847478921
0.5512636578609809,0.5004656899590988,0.5055428276849899,0.5010858705166756,0.5100430383923797,0.5095843856993341,0.5054261173858632,0.5189837325142211
0.5316802749786113,0.5051580121828568,0.502818468871914,0.5030750649231613,0.5126526539021384,0.5099671700835927,0.5054822956734154,0.5276491343336164
0.5262456843590333,0.503514494768091,0.5083468825465336,0.5050780217871728,0.5120083803823127,0.5066384342695842,0.501332389045996,0.5254925371140563
0.5119154080768625,0.5008708231549142,0.5072894346756472,0.5046745498103226,0.5024081183932166,0.4994723299535704,0.5005324833664496,0.5177836844559278
0.511229001845169,0.5014312958829718,0.502098676972312,0.5058503513338309,0.5082950095871058,0.4977523652141163,0.5016874131615233,0.5036604797999085
0.5034869587035132,0.4992446952084218,0.5024482412320811,0.5203500941630762,0.5093649475272023,0.50143238628298,0.4979154393789374,0.5006669131113817
0.5040583650591199,0.50218072341586,0.5074493867763572,0.5179733460783831,0.5074512651352642,0.5018680671490647,0.5111531049791782,0.5055083523855233
0.512609227399561,0.5115573203147326,0.5187454475529756,0.5136592860186721,0.5158169844124706,0.5012643235037744,0.5146238211683442,0.5120845185495767
0.5206010621021139,0.5152015266221253,0.5237715333092491,0.5138025545591773,0.5100195259771043,0.5038336890046994,0.5148345446525266,0.5251300466027391
0.5181027416425397,0.514973369097887,0.5203007832333754,0.5193377188711231,0.5105895687906084,0.497832230888498,0.5135866083185283,0.5270244880168188
0.5035190024036141,0.5101140877034158,0.5166742680226883,0.521724515242229,0.5058539961225988,0.4978773128606816,0.5036657983666036,0.5264292447321486
0.5013824049152211,0.510564977825468,0.504956942764309,0.5107402806780117,0.504571454749732,0.4981127526657955,0.5062486263498658,0.5207676781457076
0.5200829774462319,0.5046506051658662,0.5033782386615039,0.5016923650030997,0.5015925606564915,0.5043253831152834,0.5019576994029966,0.5182890024117065
0.5251069929149276,0.5191094347444744,0.508366303421607,0.4986039762001629,0.5071830555718557,0.4985112711600631,0.4986770090971284,0.5092319502628142
0.5202290494759072,0.5094286686999134,0.5028500819509152,0.5118853738397927,0.514454071746461,0.5039266357560741,0.5112769636902191,0.5095102642503456
0.5057942580251324,0.5107799206971586,0.5230832181722879,0.5228324498744068,0.5131032541832878,0.5017135041369456,0.5097738358215286,0.518877918067004
0.5066357090401162,0.513209367348323,0.5213741635724661,0.5289173705872162,0.5013772697858594,0.4981702677814894,0.5082030081205899,0.5237937461265646
0.5060495340996707,0.5000915766833126,0.5223302800465555,0.5285349939760506,0.5065347165380607,0.5012513479428716,0.5046250965464519,0.5145359833371755
0.499598581825136,0.5009750532571151,0.5057723221877536,0.5372596853832416,0.5193607562999248,0.4998106424304423,0.5044822009394135,0.5165303807060228
0.5024816024789969,0.4996577426199933,0.5044635243577089,0.5314404804827032,0.5138530786117981,0.504544742242356,0.5113602844766016,0.5082408860708905
0.5080073595912596,0.5026056553276796,0.5104870654908904,0.5257649453780928,0.5204065716892283,0.5444257157758757,0.5113177679171085,0.5085636105782511
0.5119686023627428,0.5093542259551184,0.5057110951353211,0.503945665933206,0.5131927760777608,0.5491674140203286,0.5108970774204876,0.5051792338703017
0.511512064734802,0.5054846567648649,0.505219117153422,0.5012301401726351,0.5111630080066304,0.5513828203255933,0.5147664647419515,0.5102820775304688
0.4999427547245248,0.5056975064321657,0.5003372401704761,0.5168721151364057,0.5078884212766244,0.535037951183029,0.5145589761740418,0.5268332875489795
0.5004536183656948,0.5119299053433414,0.5051752771582017,0.5215795765756421,0.5059243177908219,0.4943388996491326,0.5111921870111357,0.5315642464311502
0.5076809349194551,0.5123795927701585,0.5106380606454142,0.5297741399518864,0.506252187732654,0.5052798395173389,0.501549248399795,0.53256392515998
0.5186270269607495,0.5224595308919903,0.5091897049425155,0.5140116773315089,0.5140767329632671,0.5083999647811064,0.5052329593683219,0.5094944320594879
0.5158123786978271,0.5158820930019176,0.5134380409018455,0.5237291556648004,0.5315171162364402,0.5087471897513344,0.5044593977190228,0.5116814294396607
0.5171716793160508,0.5118603464139742,0.5227042086886103,0.5368987446015772,0.5364600625260337,0.5166337215851888,0.5050418316187869,0.515233877789525
0.5093031856509613,0.5116105285369075,0.5553020463045558,0.5452274491227492,0.5390356711827724,0.5106927485450321,0.505933049980324,0.517869688781837
0.5103259965869178,0.5039331595898382,0.5782323457176641,0.5576279474314517,0.5216133654197544,0.5055661482681224,0.5094278354026802,0.5139768757312624
0.5174861318730093,0.4994721921137922,0.5661741698761965,0.5395287920161067,0.5081162845758823,0.5067342940093869,0.5004430674438053,0.5137284484405062
0.5091640163633981,0.5019573334506267,0.5581566926586071,0.5278923208474982,0.5218126825011019,0.5060528433013689,0.5018126038652265,0.509379404063503
0.5009110621378375,0.4986943290892671,0.5143422809069033,0.5276416445040893,0.51858535489331,0.511354422874849,0.5093625091279353,0.507322649890663
0.5068300315815019,0.5011949535147122,0.5108413236763372,0.5072029679144812,0.5154217357780366,0.5060241909509914,0.5162611354022208,0.5070885780151607
0.5130373717297786,0.5169582060099197,0.507811316260517,0.4988907432842076,0.509867985483878,0.5117215114218083,0.5201396293625778,0.5114109485906114
0.5088708223016845,0.521659735898283,0.5059910178701046,0.50720417805975,0.5093558201507414,0.5035200369251411,0.5276142549205316,0.5212056389714659
0.5019779015026459,0.5171871909463278,0.5044770122044785,0.5075607682389314,0.50535812791715,0.4981296243621377,0.5116357866140979,0.5170731375815137
0.5014678670080626,0.5239368206780427,0.5021452736619609,0.508288474733881,0.5076710374969408,0.4989400137512135,0.506808571125431,0.5113469863898972
0.5022349858309175,0.5240115765387325,0.5004922425033373,0.506637564411831,0.5037456879529698,0.4980175093672752,0.506230995701856,0.5097787332197153
0.5074742873423147,0.531202124319138,0.5099591235758322,0.4997148843988893,0.5087446214123307,0.5023678670448187,0.5099146731166232,0.5116376440016069
0.5080293390730305,0.5384265934262806,0.5193955643819359,0.5075702166470544,0.5256373957577175,0.504143935339354,0.5390219359759907,0.5074155276358565
0.5225912875641602,0.5142435500011397,0.532422377602603,0.52519820269124,0.5225180009392905,0.50304588153795,0.5362519128335692,0.5198064702639069
0.515527863318732,0.5147176508020791,0.5228680778370147,0.5279185082004663,0.526258056358747,0.510467121840371,0.5368308391613822,0.5241281696190849
0.5377489440539913,0.5021579745812108,0.5348442159747765,0.5219888955240126,0.5177469834778663,0.5040184133941673,0.5168258042952643,0.5266789670924144
0.542885061731451,0.5034424061338334,0.5234797192552125,0.5314544551196831,0.5039591685983328,0.4986669050473619,0.5081142409316804,0.5105972576325989
0.524291821666937,0.5008608422120764,0.5072564527545368,0.532601104002352,0.5066701156172468,0.5094685725461777,0.5077800583536125,0.5098228324884462
0.5098947844097438,0.5037883757552557,0.5172037734102568,0.5318757100726762,0.5076403222420725,0.5136451261547679,0.5129144277776865,0.5097309944040842
0.5243608502178905,0.5015711738241333,0.5036289444920874,0.5243091679299065,0.5187624859180422,0.5141144810276416,0.519183160011778,0.5093362880860592
0.5164917607746476,0.5061712800900954,0.5189302441322529,0.5022529559826764,0.5164085386320039,0.518305755883318,0.5300038793640551,0.5148268369494884
0.5159843909591711,0.5135282311881263,0.5195254609103009,0.5227813576159022,0.5134691294881307,0.5136570576029534,0.5453057339514136,0.5171698112762826
0.5107799155515307,0.5112636234228943,0.5157744858352757,0.5254641623424016,0.5126132233743157,0.5015040410890587,0.5262488679882947,0.5265273426807695
0.5017780820535733,0.5283531359061304,0.5039921195730219,0.5248463390576732,0.5058711363421693,0.5038901469275064,0.5139736784548705,0.52767362093907
0.5112726182074705,0.5515487530999661,0.5293488702123016,0.5326796440110172,0.5042826586993051,0.5023311099356194,0.5157266031055021,0.522427186777919
0.5187570325581853,0.5838333724484641,0.5380400807729038,0.5065796584027356,0.510652440856985,0.5140425379361713,0.5036167958526249,0.5198271356088044
0.5179866082159476,0.5884023606269977,0.5449377180845482,0.5021939276387816,0.5105100689070938,0.531557813284969,0.5120267137265854,0.5065070177594367
0.5181981501868234,0.5562785573252452,0.5445794486448259,0.5146714803806726,0.5182692061399407,0.5337811493010446,0.5097761058562864,0.5194879022069527
0.5177154463112558,0.5151473941708188,0.5179136716690004,0.5100253593091036,0.5214213830772144,0.5322625575244035,0.512142115558917,0.5239799314693219
0.5084479854219648,0.5004490601728573,0.5218658807486716,0.5262579607909134,0.5116114131301581,0.5226406675309414,0.5105041423004967,0.5212272164844933
0.5211967847021701,0.5009473098554936,0.5205020624324767,0.5318932234691903,0.5095014953638536,0.506327829564198,0.5117100860435778,0.5088429796004643
0.5184679340361811,0.5014930255671153,0.5191829930705724,0.5357101385203761,0.514412873799468,0.5009772938088786,0.5047529163036358,0.5039065931705217
0.5104684502631979,0.5158062117334171,0.5081235117878249,0.5273275292168853,0.5215933502843304,0.5360338151795625,0.5104468865848764,0.5097130263042148
0.5190006074079383,0.5176441520244384,0.5080802931633763,0.5219786784483781,0.5314893230938643,0.5609441143569318,0.5141766418336731,0.5121241645307476
0.5325930851422528,0.5364111680385706,0.5034793263020176,0.5080977590565202,0.5214294355774024,0.5589981103897547,0.5225735323322822,0.5119864453472294
0.5298783023852728,0.5542648747350378,0.5076644755949314,0.5050869196898631,0.5234766348845399,0.5360700464346343,0.5159015453974632,0.5095515912543309
0.5244532972198397,0.5465057342256131,0.5060960934086028,0.5195906371293828,0.5148415710668571,0.5080551130236843,0.5100563471005841,0.508189242663424
0.5115831950183722,0.5492510511752537,0.5070156058953466,0.5264438240789993,0.5087285189730466,0.4994136624867193,0.5099062435573931,0.5124024729264314
0.5186049169618555,0.5260837916122798,0.5027188806299989,0.521210723991724,0.5058998557280854,0.4994656730317484,0.5028834884506838,0.5121006636589546
0.5277222776680645,0.5512631264152268,0.5080852139749408,0.5259517537460585,0.5063251105575611,0.5059897485363105,0.5031422763312129,0.5143436802517438
0.5417818161604712,0.5680553131134639,0.5064856005772186,0.5060468364720376,0.5394934739628721,0.5156415678004052,0.5136122014058354,0.5080225012935319
0.5339466945764407,0.563391995764615,0.5126247616823002,0.504971478945684,0.5383292900171035,0.5250740274567555,0.5586495834550768,0.5196957625746869
0.5263030328834438,0.5190636685613694,0.5257222552971317,0.5644130475071791,0.532214698848461,0.5280025807085672,0.5599623830937013,0.5231820046329416
0.5354044466293457,0.5076246176037502,0.5268378304108061,0.5922973369332944,0.5128722385312147,0.5195744383418497,0.5359220125832326,0.5199590437634166
0.5435601308288668,0.5007767876444067,0.5227080830724591,0.6082868475578147,0.5178103640449911,0.5110729224152497,0.5127073238676756,0.5336247360736388
0.569272533695798,0.5021025742728754,0.5249328059779309,0.5854671843885517,0.5310545736780362,0.512730164545488,0.5068217396811252,0.5265564384654544
0.5415916934791147,0.5046450379552578,0.5104198265310171,0.5427831364724823,0.5414526689003859,0.5445179540784041,0.5080083922174893,0.531154595829719
0.5312375300174988,0.5109917555432341,0.5167426618803836,0.5306806303719177,0.5458186116400379,0.5624739065325701,0.5488200721829405,0.5199144500248146
0.5358172294567403,0.535070943198225,0.5172997998515573,0.5242088782865868,0.5374461633992198,0.5486905809734535,0.5641594817717249,0.5097231103761072
0.528284774454812,0.542128149690207,0.510933972711592,0.5056877804162031,0.5256284829529321,0.5361925489701191,0.5582784567801651,0.509149400561938
0.5173783717208337,0.5313412171607078,0.5222790164708561,0.5067780058645175,0.5090834285899066,0.504916378568471,0.5211606196182793,0.5034656027246797
0.5146707490109033,0.5064651514084083,0.5132205079108012,0.510803992402548,0.5102736366490679,0.4993651821845839,0.4973607933572662,0.523761206099571
0.5211220692018508,0.5351070747755047,0.5081263385245912,0.5059080147043759,0.506723736435315,0.5028394850361578,0.504232403665004,0.5253081041502018
0.5411831587699802,0.532873444588457,0.5112281989568573,0.4985760404858949,0.5146083089931612,0.5327777708325696,0.4985880237169313,0.5285250948113771
0.554318561939164,0.5368650112826074,0.5464698836611296,0.5006871987888089,0.5222223329599976,0.5472102567167053,0.5455231248227007,0.5281435956027062
0.5480209838201431,0.5290671956916915,0.5642243686495164,0.526693713877484,0.5250510508000614,0.5459187466114034,0.5449386193114135,0.5235368994934955
0.556191983535066,0.518715718985677,0.5766531567456455,0.5322007455874829,0.5243941203701278,0.5485929922560712,0.5424741848676161,0.5210520685280818
0.5284150049718684,0.5157766531954672,0.5736650782633548,0.5259117052448672,0.5210239348467085,0.5031213723200836,0.5205844569994805,0.5329339931818019
0.524214803096601,0.5173170986638753,0.5253226365062681,0.5240971213669164,0.5202398613596885,0.5046719481843537,0.5061662209307192,0.5243257469910674
0.5241652384116717,0.5061588849811064,0.520206819782097,0.5209426995915426,0.5694797740506041,0.5474094380153631,0.5383939201696617,0.5185780619639463
0.5198937125574226,0.502453994455933,0.5399217747316241,0.5244295823795379,0.5680563861434438,0.5651266261506844,0.5371964226008511,0.5223482249452757
0.5188011252508209,0.5108582520642742,0.5586765686974466,0.5104578078806219,0.5814518892315691,0.5705201032111399,0.5607431104983027,0.517793409361966
0.5221718720762978,0.5316982770550966,0.5753079396109553,0.5092949503691964,0.5651832409115392,0.5443728234777018,0.5799566483804436,0.5198293532150893
0.5217583361579577,0.5251524135332576,0.5822234499623318,0.5141535402171434,0.5338866532704062,0.5217236193431181,0.5702901090434571,0.5073778735021216
0.5168780723579234,0.5244741000435389,0.5483772080199537,0.5115181448300754,0.5321492418158024,0.5119153171246063,0.5694052802303439,0.5027142603095074
0.5058154092882982,0.5298444951410481,0.5205027141201132,0.511354870998282,0.5224975047322975,0.5039666187043814,0.5377343579503344,0.5237243692850795
0.5202522038429053,0.5147828286131043,0.5073900125531821,0.5080709744963131,0.5138017995784623,0.5066414412762953,0.5122558568601837,0.520786515404558
0.5326237217519989,0.5509751968019795,0.5334611262526697,0.5034530530368999,0.5352927464853748,0.5174794269436558,0.5451452541282161,0.5230986052771214
0.547816358103791,0.5483033055035001,0.534663992521708,0.5058488982129054,0.5432864746706391,0.5146549435515341,0.5685267432691508,0.5070987741825406
0.5493056585062309,0.5331248720650412,0.5494582370304059,0.5085214442853481,0.5635675563443141,0.5238272339277015,0.5733779750098411,0.5533056994819108
0.5248504972767641,0.5295715570959847,0.5645890850168923,0.5035390194292021,0.5455649457852852,0.510872241453186,0.563040784844091,0.5559930322983699
0.5223370908971765,0.5080150500186779,0.5445563322226505,0.511247962344739,0.5286816264190882,0.503295951851264,0.5366356360444394,0.5357120703243707
0.515585501233663,0.5016581588827214,0.538457191323729,0.5253818879974432,0.5245089026796965,0.5068815284793307,0.51213998880635,0.5368127082228075
0.5006441370281286,0.502394903397342,0.5347281953904885,0.5224038464571008,0.5230042044821422,0.5118369628661363,0.5057655275759666,0.5277625488889276
0.4972546163647037,0.5147661599628697,0.5264768902014716,0.5234834515489304,0.5519856628043301,0.5253353790811716,0.5051610969000991,0.5397206409170735
0.5148488593977644,0.5241175469647146,0.535867585640016,0.5261257884252514,0.5727322758961744,0.5371251399722932,0.5269637190425489,0.5222291694417053
0.516783881040938,0.5343024832826415,0.5282530701986655,0.5131649656824221,0.5630342145414334,0.5468843230525149,0.5481398363619957,0.5154655200068025
0.5302705573636171,0.5139973222332606,0.5317613009623415,0.510618681115912,0.5537819699975697,0.5447458556150782,0.5490594938379387,0.5138648897123241
0.5167196020100694,0.510156284431748,0.5122970694769655,0.5065345468026047,0.5152549706852281,0.5118192524537708,0.5243872404263756,0.5122717176868299
0.5164429251314752,0.5077248135022017,0.5135486525292654,0.503765832799788,0.5011845605739315,0.5121365674986256,0.5193302459012055,0.5098502389105907
0.5225897072044289,0.536094906958682,0.5154571340167983,0.5034285327436945,0.515029733167759,0.509313049133616,0.5099629873755258,0.5142243706025806
0.5371506799529137,0.546775386010281,0.5160669070282864,0.5091590175703912,0.5328773719388655,0.5231625984408956,0.5105709775163543,0.5153299386710407
0.5543819343614448,0.5415044841432776,0.5221190351881501,0.5074415179074357,0.5427387403006084,0.5371164625853472,0.5228940956647419,0.5161342976504781
0.5535707363622165,0.5276398399275744,0.5188222694769087,0.523176431923335,0.5563542675250464,0.5413454588687827,0.5439367801339902,0.5556080913691216
0.5361764472541574,0.5159981852761103,0.5277030398705239,0.5183515253601574,0.5400256576212842,0.5425005508066197,0.5401118870988019,0.5684530933483256
0.5072719322542145,0.5065807249900517,0.5119714576404316,0.5082944209612187,0.5108692980838884,0.5155773070610667,0.5306340488966301,0.5464259966633308
