MDF_mark,MDF_Smoothed_Filtered_right_TA,MDF_Smoothed_Filtered_right_RF,MDF_Smoothed_Filtered_right_VM,MDF_Smoothed_Filtered_right_MG,MDF_Smoothed_Filtered_left_TA,MDF_Smoothed_Filtered_left_RF,MDF_Smoothed_Filtered_left_VM,MDF_Smoothed_Filtered_left_MG
0.0,68.0,36.0,24.0,40.0,40.0,28.0,32.0,32.0
0.0,40.0,28.0,32.0,40.0,44.0,36.0,32.0,52.0
0.0,48.0,24.0,32.0,32.0,28.0,52.0,32.0,40.0
0.0,76.0,48.0,32.0,32.0,28.0,32.0,44.0,28.0
0.0,68.0,36.0,28.0,36.0,28.0,32.0,44.0,28.0
0.0,48.0,24.0,24.0,32.0,64.0,36.0,28.0,36.0
0.0,28.0,52.0,28.0,36.0,40.0,36.0,36.0,24.0
0.0,44.0,56.0,52.0,40.0,36.0,36.0,32.0,24.0
0.0,32.0,36.0,40.0,36.0,28.0,32.0,28.0,28.0
0.0,24.0,24.0,32.0,36.0,28.0,32.0,32.0,28.0
0.0,76.0,24.0,36.0,52.0,32.0,36.0,36.0,24.0
0.0,76.0,32.0,24.0,48.0,40.0,24.0,36.0,24.0
0.0,60.0,36.0,28.0,44.0,60.0,28.0,36.0,24.0
0.0,88.0,32.0,28.0,28.0,40.0,28.0,36.0,28.0
0.0,80.0,32.0,28.0,24.0,56.0,28.0,60.0,56.0
0.0,60.0,28.0,28.0,24.0,56.0,28.0,60.0,52.0
0.0,56.0,32.0,68.0,24.0,24.0,28.0,32.0,28.0
0.0,28.0,36.0,28.0,40.0,36.0,32.0,56.0,28.0
0.0,24.0,40.0,24.0,40.0,36.0,28.0,52.0,28.0
0.0,52.0,44.0,24.0,36.0,24.0,32.0,36.0,24.0
0.0,36.0,60.0,24.0,32.0,36.0,32.0,32.0,32.0
0.0,52.0,24.0,24.0,32.0,32.0,28.0,28.0,32.0
0.0,56.0,24.0,20.0,28.0,28.0,24.0,20.0,28.0
0.0,64.0,36.0,24.0,24.0,28.0,44.0,28.0,24.0
0.0,80.0,36.0,24.0,68.0,48.0,56.0,36.0,24.0
0.0,44.0,40.0,28.0,60.0,60.0,44.0,44.0,60.0
0.0,32.0,28.0,24.0,44.0,52.0,28.0,52.0,60.0
0.0,24.0,28.0,28.0,24.0,28.0,36.0,52.0,60.0
0.0,24.0,28.0,36.0,28.0,40.0,36.0,20.0,60.0
0.0,32.0,32.0,24.0,24.0,24.0,32.0,28.0,28.0
0.0,32.0,32.0,28.0,28.0,36.0,28.0,32.0,28.0
0.0,36.0,32.0,36.0,44.0,32.0,32.0,36.0,44.0
0.0,52.0,28.0,36.0,36.0,28.0,24.0,24.0,68.0
0.0,60.0,28.0,36.0,28.0,28.0,28.0,28.0,32.0
0.0,44.0,32.0,32.0,24.0,36.0,32.0,28.0,28.0
0.0,32.0,24.0,20.0,40.0,44.0,32.0,32.0,24.0
0.0,36.0,24.0,20.0,28.0,36.0,28.0,32.0,28.0
0.0,52.0,24.0,24.0,32.0,32.0,24.0,28.0,28.0
0.0,40.0,28.0,28.0,28.0,28.0,32.0,36.0,28.0
0.0,36.0,32.0,44.0,32.0,84.0,32.0,36.0,44.0
0.0,40.0,32.0,36.0,40.0,76.0,32.0,28.0,56.0
0.0,28.0,28.0,32.0,32.0,44.0,24.0,52.0,32.0
0.0,48.0,32.0,36.0,20.0,40.0,24.0,44.0,28.0
0.0,52.0,40.0,36.0,28.0,28.0,24.0,32.0,40.0
0.0,48.0,32.0,24.0,24.0,28.0,36.0,32.0,32.0
0.0,48.0,28.0,40.0,28.0,36.0,40.0,40.0,24.0
0.0,68.0,28.0,48.0,28.0,32.0,40.0,44.0,24.0
0.0,84.0,32.0,44.0,20.0,40.0,44.0,40.0,28.0
0.0,24.0,36.0,28.0,32.0,40.0,52.0,36.0,44.0
0.0,32.0,36.0,32.0,44.0,44.0,52.0,36.0,40.0
0.0,44.0,28.0,28.0,52.0,40.0,44.0,24.0,36.0
0.0,96.0,24.0,48.0,44.0,28.0,32.0,24.0,24.0
0.0,32.0,28.0,60.0,48.0,56.0,48.0,52.0,60.0
0.0,28.0,36.0,32.0,24.0,68.0,32.0,52.0,60.0
0.0,32.0,32.0,36.0,24.0,72.0,32.0,40.0,60.0
0.0,64.0,28.0,36.0,24.0,60.0,24.0,28.0,60.0
0.0,36.0,40.0,44.0,28.0,24.0,36.0,32.0,60.0
0.0,40.0,32.0,32.0,40.0,32.0,40.0,36.0,32.0
0.0,36.0,36.0,28.0,32.0,40.0,40.0,36.0,32.0
0.0,28.0,40.0,28.0,28.0,28.0,44.0,44.0,32.0
0.0,36.0,40.0,32.0,24.0,32.0,32.0,28.0,28.0
0.0,60.0,36.0,36.0,28.0,32.0,44.0,36.0,32.0
0.0,36.0,28.0,40.0,28.0,32.0,48.0,36.0,32.0
0.0,44.0,28.0,40.0,28.0,28.0,32.0,28.0,28.0
0.0,80.0,28.0,28.0,28.0,24.0,32.0,28.0,24.0
0.0,48.0,28.0,44.0,60.0,44.0,32.0,32.0,24.0
0.0,40.0,36.0,24.0,64.0,56.0,24.0,32.0,36.0
0.0,64.0,40.0,24.0,28.0,76.0,28.0,32.0,28.0
0.0,68.0,36.0,24.0,24.0,36.0,28.0,44.0,44.0
0.0,52.0,32.0,20.0,28.0,36.0,36.0,32.0,48.0
0.0,48.0,28.0,28.0,28.0,44.0,28.0,28.0,28.0
0.0,36.0,52.0,36.0,32.0,28.0,28.0,28.0,28.0
0.0,32.0,28.0,32.0,32.0,28.0,28.0,28.0,32.0
0.0,40.0,28.0,44.0,32.0,28.0,32.0,40.0,40.0
0.0,44.0,24.0,44.0,28.0,32.0,28.0,28.0,40.0
0.0,24.0,40.0,28.0,44.0,44.0,24.0,24.0,36.0
0.0,32.0,28.0,36.0,40.0,48.0,24.0,28.0,32.0
0.0,28.0,24.0,40.0,40.0,28.0,20.0,24.0,32.0
0.0,52.0,24.0,40.0,68.0,40.0,32.0,28.0,24.0
0.0,48.0,24.0,40.0,60.0,56.0,36.0,28.0,20.0
0.0,40.0,32.0,68.0,36.0,88.0,28.0,40.0,36.0
0.0,40.0,28.0,60.0,28.0,60.0,40.0,32.0,44.0
0.0,32.0,28.0,32.0,24.0,40.0,24.0,60.0,52.0
0.0,56.0,28.0,24.0,36.0,40.0,24.0,60.0,48.0
0.0,68.0,28.0,44.0,28.0,40.0,36.0,28.0,36.0
0.0,56.0,36.0,40.0,24.0,32.0,32.0,28.0,28.0
0.0,28.0,32.0,32.0,36.0,28.0,28.0,32.0,28.0
0.0,28.0,24.0,40.0,36.0,28.0,36.0,28.0,28.0
0.0,28.0,24.0,48.0,32.0,32.0,36.0,28.0,48.0
0.0,28.0,24.0,36.0,44.0,40.0,32.0,24.0,32.0
0.0,28.0,24.0,28.0,28.0,40.0,44.0,24.0,28.0
0.0,40.0,24.0,52.0,28.0,32.0,32.0,24.0,24.0
0.0,72.0,24.0,48.0,72.0,32.0,32.0,28.0,28.0
0.0,52.0,32.0,32.0,64.0,68.0,32.0,28.0,28.0
0.0,40.0,32.0,36.0,44.0,36.0,40.0,28.0,32.0
0.0,64.0,36.0,40.0,44.0,56.0,40.0,28.0,32.0
0.0,56.0,36.0,44.0,28.0,64.0,28.0,28.0,32.0
0.0,32.0,40.0,32.0,28.0,60.0,24.0,28.0,28.0
0.0,44.0,64.0,36.0,28.0,68.0,32.0,36.0,40.0
0.0,28.0,40.0,24.0,32.0,52.0,44.0,36.0,48.0
0.0,28.0,28.0,28.0,32.0,28.0,32.0,32.0,64.0
0.0,64.0,28.0,28.0,32.0,36.0,40.0,28.0,56.0
0.0,44.0,28.0,32.0,44.0,32.0,36.0,24.0,40.0
0.0,40.0,28.0,28.0,40.0,44.0,36.0,28.0,32.0
0.0,28.0,24.0,28.0,40.0,40.0,24.0,28.0,28.0
0.0,68.0,32.0,24.0,40.0,24.0,28.0,28.0,20.0
0.0,60.0,28.0,32.0,64.0,68.0,36.0,44.0,24.0
0.0,40.0,32.0,32.0,40.0,64.0,36.0,40.0,24.0
0.0,36.0,40.0,48.0,28.0,92.0,28.0,32.0,36.0
0.0,76.0,28.0,44.0,20.0,44.0,28.0,24.0,60.0
0.0,44.0,24.0,32.0,20.0,60.0,24.0,24.0,36.0
0.0,60.0,44.0,40.0,40.0,56.0,24.0,24.0,24.0
0.0,36.0,40.0,36.0,44.0,52.0,24.0,28.0,28.0
0.0,28.0,28.0,32.0,52.0,52.0,28.0,32.0,40.0
0.0,28.0,28.0,52.0,44.0,36.0,32.0,24.0,32.0
0.0,52.0,44.0,32.0,36.0,36.0,36.0,32.0,40.0
0.0,44.0,48.0,44.0,32.0,28.0,36.0,32.0,28.0
0.0,28.0,36.0,36.0,40.0,32.0,28.0,48.0,28.0
0.0,56.0,44.0,28.0,28.0,28.0,28.0,28.0,28.0
0.0,32.0,44.0,28.0,40.0,32.0,32.0,28.0,36.0
0.0,32.0,44.0,32.0,36.0,28.0,28.0,28.0,36.0
0.0,44.0,28.0,32.0,28.0,28.0,28.0,36.0,40.0
0.0,44.0,28.0,32.0,32.0,28.0,32.0,40.0,28.0
0.0,60.0,36.0,32.0,48.0,40.0,28.0,28.0,28.0
0.0,76.0,32.0,40.0,36.0,40.0,24.0,24.0,44.0
0.0,64.0,36.0,32.0,44.0,36.0,40.0,28.0,36.0
0.0,52.0,40.0,28.0,48.0,44.0,36.0,24.0,24.0
0.0,92.0,36.0,24.0,40.0,32.0,36.0,28.0,24.0
0.0,92.0,32.0,24.0,44.0,24.0,32.0,32.0,28.0
0.0,76.0,28.0,48.0,56.0,24.0,60.0,36.0,28.0
0.0,76.0,28.0,28.0,56.0,72.0,40.0,32.0,24.0
0.0,48.0,24.0,36.0,56.0,80.0,40.0,28.0,24.0
0.0,40.0,32.0,44.0,52.0,60.0,40.0,28.0,28.0
0.0,44.0,36.0,40.0,48.0,52.0,40.0,32.0,40.0
0.0,56.0,40.0,32.0,24.0,44.0,40.0,44.0,60.0
0.0,52.0,28.0,24.0,28.0,24.0,28.0,28.0,28.0
0.0,32.0,28.0,28.0,32.0,28.0,24.0,36.0,28.0
0.0,24.0,44.0,32.0,28.0,32.0,24.0,52.0,28.0
0.0,28.0,40.0,44.0,28.0,32.0,24.0,40.0,36.0
0.0,44.0,28.0,28.0,32.0,28.0,32.0,32.0,32.0
0.0,56.0,32.0,28.0,28.0,48.0,52.0,32.0,28.0
0.0,48.0,32.0,28.0,48.0,52.0,32.0,32.0,24.0
0.0,56.0,32.0,24.0,56.0,36.0,32.0,20.0,32.0
0.0,60.0,28.0,28.0,44.0,40.0,32.0,32.0,24.0
0.0,52.0,28.0,24.0,40.0,36.0,28.0,40.0,32.0
0.0,28.0,36.0,44.0,36.0,44.0,32.0,48.0,40.0
0.0,32.0,40.0,32.0,44.0,28.0,32.0,28.0,48.0
0.0,28.0,32.0,32.0,36.0,32.0,28.0,52.0,60.0
0.0,28.0,36.0,28.0,36.0,32.0,36.0,72.0,56.0
0.0,28.0,40.0,32.0,52.0,28.0,32.0,32.0,28.0
0.0,28.0,44.0,32.0,60.0,28.0,32.0,32.0,28.0
0.0,28.0,24.0,32.0,44.0,32.0,44.0,28.0,32.0
0.0,24.0,24.0,32.0,48.0,36.0,40.0,28.0,28.0
0.0,28.0,24.0,32.0,36.0,32.0,32.0,28.0,28.0
0.0,84.0,32.0,40.0,28.0,28.0,40.0,28.0,24.0
0.0,56.0,28.0,32.0,28.0,32.0,40.0,40.0,28.0
0.0,28.0,36.0,32.0,56.0,32.0,36.0,32.0,28.0
0.0,32.0,36.0,60.0,72.0,32.0,36.0,28.0,20.0
0.0,36.0,36.0,32.0,44.0,92.0,36.0,24.0,24.0
0.0,40.0,40.0,32.0,36.0,56.0,36.0,28.0,36.0
0.0,76.0,40.0,28.0,28.0,52.0,32.0,52.0,28.0
0.0,80.0,36.0,28.0,32.0,32.0,36.0,52.0,24.0
0.0,64.0,32.0,28.0,56.0,32.0,32.0,52.0,36.0
0.0,64.0,32.0,32.0,56.0,36.0,32.0,32.0,32.0
0.0,52.0,24.0,36.0,28.0,36.0,40.0,32.0,28.0
0.0,36.0,28.0,32.0,32.0,32.0,60.0,36.0,24.0
0.0,24.0,36.0,32.0,36.0,40.0,48.0,24.0,32.0
0.0,28.0,24.0,32.0,36.0,36.0,32.0,36.0,28.0
0.0,64.0,28.0,28.0,32.0,32.0,36.0,44.0,28.0
0.0,92.0,24.0,32.0,64.0,40.0,28.0,36.0,24.0
0.0,36.0,24.0,40.0,88.0,28.0,28.0,56.0,28.0
0.0,36.0,28.0,32.0,32.0,40.0,24.0,48.0,32.0
0.0,36.0,24.0,28.0,32.0,40.0,32.0,56.0,48.0
0.0,60.0,24.0,32.0,32.0,36.0,28.0,56.0,52.0
0.0,56.0,24.0,24.0,60.0,28.0,36.0,60.0,40.0
0.0,80.0,40.0,32.0,40.0,28.0,32.0,28.0,40.0
0.0,48.0,52.0,44.0,40.0,36.0,28.0,28.0,32.0
0.0,52.0,32.0,36.0,52.0,36.0,32.0,48.0,32.0
0.0,68.0,36.0,36.0,32.0,40.0,44.0,40.0,28.0
0.0,64.0,28.0,40.0,28.0,56.0,40.0,36.0,28.0
0.0,28.0,24.0,36.0,32.0,48.0,40.0,28.0,24.0
0.0,40.0,24.0,36.0,32.0,48.0,40.0,40.0,24.0
0.0,32.0,28.0,24.0,28.0,36.0,36.0,36.0,24.0
0.0,52.0,32.0,24.0,28.0,36.0,32.0,60.0,32.0
0.0,72.0,24.0,24.0,28.0,40.0,24.0,32.0,32.0
0.0,44.0,24.0,28.0,28.0,44.0,44.0,28.0,28.0
0.0,56.0,24.0,28.0,36.0,28.0,44.0,40.0,44.0
0.0,52.0,24.0,28.0,40.0,32.0,32.0,36.0,56.0
0.0,72.0,28.0,32.0,28.0,20.0,24.0,60.0,28.0
0.0,44.0,32.0,32.0,44.0,32.0,44.0,48.0,32.0
0.0,40.0,28.0,32.0,36.0,32.0,40.0,40.0,32.0
0.0,32.0,32.0,32.0,32.0,28.0,28.0,32.0,32.0
0.0,32.0,40.0,36.0,32.0,28.0,24.0,24.0,44.0
0.0,32.0,36.0,36.0,36.0,24.0,32.0,36.0,40.0
0.0,36.0,24.0,40.0,36.0,24.0,28.0,36.0,40.0
0.0,36.0,28.0,40.0,36.0,40.0,28.0,36.0,40.0
0.0,56.0,28.0,28.0,32.0,36.0,28.0,28.0,48.0
0.0,84.0,28.0,32.0,64.0,28.0,40.0,36.0,32.0
0.0,40.0,36.0,32.0,60.0,48.0,32.0,56.0,56.0
0.0,40.0,32.0,28.0,44.0,56.0,40.0,40.0,48.0
0.0,64.0,28.0,32.0,28.0,32.0,36.0,36.0,60.0
0.0,52.0,28.0,36.0,24.0,40.0,32.0,56.0,60.0
0.0,64.0,28.0,28.0,44.0,44.0,32.0,56.0,40.0
0.0,60.0,24.0,36.0,40.0,36.0,40.0,56.0,40.0
0.0,40.0,28.0,44.0,36.0,36.0,36.0,52.0,56.0
0.0,44.0,28.0,44.0,40.0,32.0,28.0,36.0,44.0
0.0,44.0,32.0,44.0,28.0,24.0,28.0,32.0,32.0
0.0,36.0,36.0,36.0,28.0,56.0,32.0,32.0,40.0
0.0,88.0,44.0,44.0,28.0,32.0,32.0,28.0,32.0
0.0,88.0,28.0,44.0,24.0,28.0,28.0,28.0,44.0
0.0,76.0,28.0,20.0,36.0,28.0,40.0,24.0,36.0
0.0,64.0,20.0,20.0,52.0,32.0,24.0,48.0,28.0
0.0,48.0,28.0,32.0,52.0,64.0,28.0,56.0,36.0
0.0,36.0,32.0,32.0,36.0,80.0,32.0,48.0,60.0
0.0,72.0,40.0,32.0,24.0,36.0,32.0,40.0,60.0
0.0,76.0,36.0,24.0,28.0,32.0,28.0,40.0,48.0
0.0,64.0,36.0,36.0,24.0,40.0,28.0,32.0,36.0
0.0,48.0,40.0,28.0,28.0,48.0,32.0,28.0,48.0
0.0,28.0,44.0,24.0,36.0,36.0,32.0,28.0,44.0
0.0,44.0,40.0,32.0,36.0,28.0,28.0,28.0,36.0
0.0,44.0,32.0,28.0,24.0,28.0,32.0,32.0,36.0
0.0,36.0,32.0,28.0,24.0,36.0,32.0,28.0,44.0
0.0,32.0,60.0,40.0,28.0,40.0,36.0,32.0,40.0
0.0,28.0,24.0,36.0,28.0,24.0,28.0,24.0,28.0
0.0,24.0,24.0,40.0,32.0,24.0,24.0,24.0,32.0
0.0,92.0,24.0,44.0,64.0,48.0,24.0,44.0,32.0
0.0,28.0,32.0,40.0,60.0,72.0,24.0,40.0,48.0
0.0,28.0,40.0,36.0,24.0,56.0,40.0,60.0,56.0
0.0,60.0,44.0,28.0,24.0,40.0,36.0,56.0,60.0
0.0,32.0,40.0,28.0,24.0,40.0,28.0,52.0,56.0
0.0,28.0,36.0,36.0,40.0,52.0,28.0,48.0,52.0
0.0,52.0,36.0,36.0,44.0,52.0,44.0,52.0,64.0
0.0,44.0,32.0,28.0,68.0,32.0,44.0,52.0,40.0
0.0,56.0,44.0,32.0,40.0,32.0,28.0,36.0,40.0
0.0,52.0,44.0,44.0,36.0,32.0,32.0,36.0,40.0
0.0,64.0,36.0,32.0,24.0,28.0,28.0,36.0,24.0
0.0,56.0,32.0,32.0,40.0,80.0,40.0,24.0,24.0
0.0,68.0,52.0,36.0,40.0,36.0,28.0,32.0,24.0
0.0,56.0,48.0,36.0,36.0,40.0,24.0,28.0,36.0
0.0,48.0,32.0,28.0,40.0,28.0,32.0,28.0,40.0
0.0,64.0,32.0,28.0,28.0,24.0,28.0,24.0,32.0
0.0,64.0,32.0,32.0,32.0,24.0,28.0,28.0,32.0
0.0,44.0,28.0,32.0,32.0,44.0,40.0,28.0,24.0
0.0,40.0,28.0,24.0,24.0,40.0,28.0,28.0,24.0
0.0,28.0,24.0,24.0,24.0,28.0,32.0,28.0,28.0
0.0,32.0,28.0,32.0,48.0,32.0,40.0,32.0,32.0
0.0,64.0,28.0,28.0,48.0,48.0,36.0,36.0,24.0
0.0,52.0,40.0,48.0,48.0,88.0,36.0,32.0,20.0
0.0,28.0,44.0,48.0,28.0,84.0,44.0,44.0,32.0
0.0,48.0,44.0,44.0,28.0,32.0,28.0,28.0,24.0
0.0,28.0,40.0,24.0,24.0,28.0,28.0,24.0,24.0
0.0,24.0,24.0,32.0,28.0,40.0,20.0,20.0,36.0
0.0,40.0,32.0,60.0,24.0,32.0,40.0,28.0,40.0
0.0,32.0,32.0,52.0,28.0,32.0,40.0,32.0,44.0
0.0,36.0,36.0,40.0,32.0,32.0,36.0,40.0,48.0
0.0,60.0,32.0,44.0,28.0,32.0,24.0,28.0,32.0
0.0,64.0,36.0,32.0,28.0,40.0,40.0,28.0,32.0
0.0,56.0,40.0,40.0,28.0,28.0,36.0,32.0,32.0
0.0,56.0,28.0,32.0,28.0,28.0,32.0,28.0,44.0
0.0,52.0,24.0,28.0,56.0,24.0,28.0,28.0,36.0
0.0,28.0,32.0,28.0,60.0,52.0,32.0,28.0,32.0
0.0,28.0,44.0,24.0,36.0,68.0,32.0,36.0,32.0
0.0,32.0,32.0,28.0,24.0,56.0,32.0,44.0,24.0
0.0,36.0,28.0,20.0,24.0,80.0,32.0,36.0,48.0
0.0,44.0,44.0,40.0,40.0,72.0,32.0,32.0,32.0
0.0,84.0,44.0,36.0,40.0,56.0,28.0,36.0,36.0
0.0,32.0,40.0,36.0,44.0,44.0,36.0,48.0,40.0
0.0,36.0,40.0,40.0,44.0,32.0,36.0,36.0,48.0
0.0,36.0,28.0,36.0,24.0,28.0,36.0,32.0,28.0
0.0,36.0,28.0,36.0,20.0,28.0,48.0,32.0,24.0
0.0,44.0,40.0,32.0,24.0,32.0,48.0,28.0,28.0
0.0,68.0,36.0,28.0,28.0,24.0,28.0,28.0,28.0
0.0,72.0,44.0,24.0,36.0,64.0,24.0,28.0,28.0
0.0,80.0,36.0,52.0,36.0,64.0,32.0,32.0,28.0
0.0,36.0,56.0,60.0,44.0,48.0,40.0,36.0,28.0
0.0,48.0,44.0,32.0,36.0,40.0,36.0,40.0,36.0
0.0,52.0,32.0,28.0,36.0,40.0,36.0,36.0,36.0
0.0,56.0,32.0,28.0,40.0,32.0,32.0,48.0,36.0
0.0,40.0,40.0,24.0,28.0,24.0,32.0,28.0,28.0
0.0,36.0,40.0,44.0,28.0,32.0,32.0,28.0,44.0
0.0,36.0,36.0,36.0,32.0,32.0,40.0,28.0,40.0
0.0,32.0,36.0,28.0,32.0,40.0,32.0,24.0,40.0
0.0,40.0,36.0,28.0,28.0,56.0,28.0,28.0,36.0
0.0,32.0,32.0,28.0,28.0,52.0,28.0,36.0,44.0
0.0,48.0,24.0,44.0,60.0,28.0,28.0,40.0,44.0
0.0,40.0,24.0,40.0,48.0,28.0,40.0,36.0,40.0
0.0,28.0,36.0,36.0,32.0,28.0,40.0,36.0,40.0
0.0,24.0,36.0,28.0,28.0,44.0,40.0,36.0,20.0
0.0,28.0,28.0,24.0,60.0,96.0,32.0,32.0,28.0
0.0,48.0,24.0,24.0,32.0,96.0,24.0,32.0,36.0
0.0,52.0,36.0,20.0,32.0,56.0,24.0,28.0,48.0
0.0,40.0,32.0,40.0,28.0,40.0,32.0,28.0,52.0
0.0,52.0,36.0,36.0,32.0,24.0,24.0,28.0,32.0
0.0,80.0,32.0,52.0,44.0,24.0,36.0,28.0,40.0
0.0,64.0,76.0,64.0,32.0,24.0,44.0,32.0,32.0
0.0,48.0,36.0,32.0,32.0,28.0,36.0,32.0,28.0
0.0,36.0,28.0,48.0,24.0,32.0,28.0,36.0,32.0
0.0,24.0,24.0,44.0,24.0,24.0,32.0,48.0,36.0
0.0,24.0,44.0,52.0,40.0,28.0,32.0,28.0,28.0
0.0,40.0,32.0,60.0,36.0,36.0,52.0,24.0,24.0
0.0,76.0,24.0,32.0,36.0,36.0,36.0,32.0,24.0
0.0,24.0,36.0,32.0,40.0,64.0,40.0,60.0,40.0
0.0,32.0,40.0,28.0,44.0,76.0,40.0,36.0,40.0
0.0,56.0,36.0,28.0,24.0,52.0,32.0,28.0,44.0
0.0,52.0,24.0,32.0,32.0,24.0,28.0,28.0,60.0
0.0,44.0,28.0,44.0,32.0,28.0,32.0,28.0,32.0
0.0,36.0,28.0,40.0,32.0,32.0,28.0,28.0,32.0
0.0,32.0,36.0,32.0,44.0,28.0,32.0,28.0,48.0
0.0,72.0,40.0,36.0,36.0,32.0,28.0,28.0,32.0
0.0,76.0,32.0,40.0,36.0,40.0,32.0,28.0,52.0
0.0,48.0,28.0,36.0,40.0,32.0,36.0,36.0,40.0
0.0,60.0,24.0,36.0,68.0,28.0,44.0,28.0,40.0
0.0,60.0,24.0,40.0,44.0,28.0,44.0,32.0,32.0
0.0,24.0,20.0,36.0,28.0,32.0,32.0,32.0,28.0
0.0,44.0,24.0,28.0,28.0,56.0,36.0,36.0,52.0
0.0,28.0,28.0,24.0,28.0,64.0,40.0,36.0,56.0
0.0,32.0,40.0,28.0,60.0,40.0,36.0,40.0,60.0
0.0,68.0,28.0,32.0,28.0,28.0,28.0,60.0,60.0
0.0,48.0,32.0,32.0,24.0,24.0,36.0,28.0,56.0
0.0,48.0,32.0,28.0,24.0,60.0,32.0,32.0,32.0
0.0,28.0,36.0,36.0,28.0,32.0,36.0,40.0,40.0
0.0,28.0,32.0,36.0,56.0,28.0,36.0,40.0,72.0
0.0,28.0,28.0,36.0,28.0,32.0,28.0,28.0,56.0
0.0,44.0,28.0,32.0,28.0,40.0,32.0,28.0,28.0
0.0,32.0,28.0,36.0,36.0,44.0,32.0,24.0,24.0
0.0,68.0,32.0,32.0,52.0,32.0,32.0,32.0,28.0
0.0,60.0,24.0,24.0,40.0,28.0,32.0,28.0,32.0
0.0,36.0,24.0,28.0,48.0,36.0,32.0,32.0,24.0
0.0,52.0,32.0,28.0,44.0,36.0,40.0,52.0,60.0
0.0,40.0,32.0,28.0,32.0,64.0,40.0,44.0,40.0
0.0,40.0,32.0,40.0,24.0,56.0,28.0,48.0,56.0
0.0,32.0,32.0,36.0,20.0,36.0,32.0,60.0,60.0
0.0,36.0,36.0,32.0,32.0,36.0,36.0,24.0,60.0
0.0,36.0,40.0,24.0,36.0,28.0,44.0,36.0,56.0
0.0,48.0,32.0,32.0,60.0,48.0,32.0,40.0,48.0
0.0,32.0,40.0,32.0,40.0,48.0,40.0,36.0,40.0
0.0,36.0,36.0,24.0,28.0,36.0,36.0,24.0,40.0
0.0,32.0,24.0,28.0,32.0,28.0,32.0,48.0,28.0
0.0,40.0,24.0,36.0,40.0,36.0,40.0,32.0,28.0
0.0,44.0,20.0,36.0,36.0,44.0,52.0,32.0,32.0
0.0,64.0,24.0,32.0,24.0,28.0,32.0,32.0,28.0
0.0,60.0,20.0,36.0,44.0,28.0,36.0,28.0,32.0
0.0,52.0,24.0,36.0,60.0,60.0,40.0,36.0,32.0
0.0,48.0,28.0,32.0,60.0,64.0,32.0,32.0,28.0
0.0,40.0,28.0,32.0,24.0,44.0,32.0,28.0,32.0
0.0,40.0,32.0,40.0,24.0,40.0,24.0,56.0,60.0
0.0,56.0,32.0,44.0,28.0,36.0,24.0,56.0,60.0
0.0,44.0,28.0,48.0,28.0,32.0,20.0,28.0,56.0
0.0,32.0,44.0,28.0,44.0,40.0,32.0,28.0,48.0
0.0,36.0,40.0,24.0,40.0,40.0,28.0,52.0,40.0
0.0,40.0,28.0,32.0,24.0,24.0,32.0,44.0,44.0
0.0,36.0,32.0,28.0,28.0,24.0,32.0,28.0,60.0
0.0,36.0,28.0,28.0,36.0,28.0,32.0,28.0,32.0
0.0,48.0,24.0,32.0,36.0,32.0,36.0,32.0,28.0
0.0,36.0,32.0,24.0,28.0,40.0,40.0,32.0,44.0
0.0,48.0,28.0,28.0,32.0,52.0,32.0,36.0,36.0
0.0,64.0,36.0,24.0,28.0,28.0,28.0,36.0,32.0
0.0,48.0,24.0,28.0,36.0,36.0,32.0,28.0,32.0
0.0,40.0,24.0,28.0,28.0,44.0,36.0,24.0,36.0
0.0,28.0,32.0,36.0,32.0,32.0,28.0,24.0,36.0
0.0,36.0,40.0,32.0,40.0,28.0,32.0,32.0,28.0
0.0,56.0,64.0,36.0,44.0,40.0,40.0,28.0,28.0
0.0,68.0,40.0,40.0,40.0,36.0,56.0,28.0,20.0
0.0,68.0,40.0,24.0,36.0,44.0,32.0,40.0,24.0
0.0,56.0,40.0,40.0,44.0,32.0,32.0,24.0,56.0
0.0,52.0,32.0,24.0,32.0,36.0,32.0,32.0,72.0
0.0,60.0,24.0,24.0,28.0,28.0,32.0,44.0,36.0
0.0,48.0,28.0,44.0,28.0,24.0,40.0,28.0,20.0
0.0,36.0,32.0,28.0,36.0,24.0,36.0,48.0,28.0
0.0,24.0,32.0,28.0,32.0,24.0,32.0,48.0,28.0
0.0,28.0,28.0,28.0,28.0,24.0,40.0,32.0,52.0
0.0,24.0,28.0,24.0,28.0,24.0,28.0,28.0,32.0
0.0,24.0,36.0,28.0,24.0,28.0,32.0,28.0,28.0
0.0,28.0,48.0,24.0,36.0,24.0,36.0,36.0,28.0
0.0,48.0,40.0,24.0,36.0,36.0,40.0,32.0,24.0
0.0,52.0,36.0,28.0,40.0,48.0,28.0,32.0,24.0
0.0,32.0,24.0,28.0,44.0,40.0,36.0,56.0,24.0
0.0,32.0,28.0,32.0,40.0,60.0,40.0,44.0,44.0
0.0,32.0,28.0,32.0,28.0,32.0,36.0,44.0,48.0
0.0,36.0,32.0,32.0,32.0,28.0,32.0,28.0,48.0
0.0,52.0,32.0,32.0,28.0,32.0,28.0,24.0,40.0
0.0,48.0,40.0,40.0,28.0,28.0,24.0,32.0,32.0
0.0,36.0,48.0,44.0,32.0,32.0,24.0,36.0,32.0
0.0,28.0,40.0,44.0,28.0,36.0,24.0,40.0,44.0
0.0,24.0,32.0,40.0,28.0,36.0,36.0,28.0,52.0
0.0,28.0,24.0,32.0,40.0,36.0,32.0,24.0,48.0
0.0,32.0,24.0,28.0,40.0,32.0,32.0,32.0,36.0
0.0,36.0,28.0,32.0,32.0,28.0,28.0,32.0,32.0
0.0,36.0,24.0,28.0,28.0,48.0,28.0,20.0,28.0
0.0,32.0,28.0,32.0,28.0,28.0,36.0,28.0,24.0
0.0,56.0,40.0,32.0,32.0,36.0,36.0,40.0,36.0
0.0,52.0,24.0,40.0,48.0,48.0,44.0,44.0,32.0
0.0,48.0,24.0,32.0,28.0,36.0,32.0,36.0,28.0
0.0,40.0,40.0,24.0,28.0,56.0,36.0,28.0,56.0
0.0,40.0,32.0,24.0,24.0,32.0,40.0,40.0,36.0
0.0,32.0,36.0,44.0,28.0,44.0,24.0,32.0,28.0
0.0,36.0,32.0,32.0,32.0,40.0,24.0,40.0,32.0
0.0,40.0,36.0,28.0,36.0,28.0,36.0,36.0,24.0
0.0,28.0,36.0,32.0,40.0,28.0,32.0,32.0,28.0
0.0,28.0,32.0,36.0,24.0,32.0,32.0,28.0,32.0
0.0,56.0,32.0,28.0,28.0,56.0,32.0,40.0,32.0
0.0,72.0,32.0,24.0,28.0,60.0,36.0,28.0,32.0
0.0,56.0,28.0,28.0,36.0,24.0,24.0,32.0,32.0
0.0,48.0,32.0,40.0,72.0,60.0,32.0,40.0,32.0
0.0,40.0,40.0,48.0,64.0,64.0,24.0,48.0,32.0
0.0,40.0,44.0,48.0,28.0,72.0,24.0,60.0,32.0
0.0,68.0,40.0,28.0,28.0,44.0,24.0,60.0,36.0
0.0,60.0,40.0,28.0,24.0,60.0,32.0,60.0,64.0
0.0,64.0,44.0,28.0,28.0,36.0,24.0,40.0,36.0
0.0,64.0,52.0,44.0,48.0,28.0,28.0,36.0,36.0
0.0,24.0,48.0,40.0,32.0,28.0,40.0,28.0,36.0
0.0,28.0,28.0,36.0,36.0,44.0,36.0,36.0,32.0
0.0,60.0,32.0,36.0,28.0,32.0,28.0,44.0,28.0
0.0,64.0,32.0,36.0,24.0,36.0,28.0,36.0,24.0
0.0,80.0,32.0,24.0,24.0,24.0,28.0,32.0,44.0
0.0,56.0,28.0,32.0,28.0,24.0,24.0,28.0,52.0
0.0,52.0,28.0,28.0,28.0,32.0,28.0,48.0,36.0
0.0,60.0,40.0,28.0,32.0,52.0,44.0,52.0,28.0
0.0,44.0,32.0,40.0,36.0,64.0,28.0,60.0,36.0
0.0,60.0,24.0,36.0,28.0,68.0,32.0,56.0,32.0
0.0,36.0,32.0,28.0,24.0,68.0,24.0,60.0,24.0
0.0,44.0,36.0,32.0,32.0,52.0,24.0,56.0,24.0
0.0,28.0,56.0,60.0,48.0,24.0,32.0,28.0,36.0
0.0,24.0,48.0,56.0,36.0,24.0,28.0,28.0,28.0
0.0,32.0,40.0,52.0,28.0,24.0,44.0,36.0,28.0
0.0,36.0,36.0,36.0,28.0,28.0,48.0,36.0,32.0
0.0,64.0,36.0,28.0,24.0,32.0,40.0,24.0,32.0
0.0,44.0,36.0,28.0,40.0,32.0,32.0,32.0,44.0
0.0,40.0,24.0,36.0,28.0,40.0,44.0,76.0,44.0
0.0,40.0,24.0,32.0,36.0,32.0,36.0,56.0,28.0
0.0,72.0,32.0,36.0,48.0,56.0,28.0,48.0,28.0
0.0,40.0,32.0,28.0,84.0,52.0,40.0,56.0,28.0
0.0,28.0,32.0,32.0,40.0,28.0,36.0,52.0,28.0
0.0,36.0,48.0,28.0,24.0,28.0,36.0,60.0,72.0
0.0,36.0,52.0,28.0,24.0,56.0,24.0,60.0,80.0
0.0,64.0,36.0,28.0,44.0,44.0,24.0,56.0,32.0
0.0,44.0,40.0,32.0,44.0,48.0,36.0,48.0,32.0
0.0,40.0,36.0,44.0,36.0,44.0,32.0,40.0,36.0
0.0,44.0,44.0,44.0,44.0,40.0,32.0,24.0,44.0
0.0,40.0,36.0,40.0,44.0,32.0,36.0,28.0,40.0
0.0,36.0,32.0,36.0,32.0,28.0,36.0,36.0,36.0
0.0,52.0,32.0,32.0,32.0,40.0,40.0,48.0,36.0
0.0,28.0,36.0,28.0,32.0,36.0,40.0,24.0,36.0
0.0,40.0,36.0,52.0,32.0,44.0,28.0,20.0,36.0
0.0,56.0,32.0,64.0,36.0,48.0,28.0,52.0,40.0
0.0,40.0,32.0,40.0,40.0,88.0,24.0,36.0,32.0
0.0,36.0,28.0,40.0,28.0,40.0,40.0,28.0,28.0
0.0,72.0,24.0,32.0,24.0,32.0,48.0,56.0,44.0
0.0,32.0,28.0,28.0,28.0,24.0,36.0,60.0,60.0
0.0,40.0,32.0,44.0,28.0,28.0,32.0,36.0,32.0
0.0,32.0,48.0,24.0,36.0,28.0,28.0,40.0,40.0
0.0,32.0,40.0,24.0,36.0,28.0,40.0,44.0,48.0
0.0,36.0,40.0,36.0,52.0,28.0,36.0,36.0,40.0
0.0,76.0,44.0,36.0,56.0,32.0,28.0,24.0,40.0
0.0,48.0,36.0,36.0,44.0,28.0,24.0,52.0,40.0
0.0,52.0,36.0,32.0,40.0,28.0,28.0,28.0,36.0
0.0,72.0,28.0,32.0,28.0,28.0,28.0,36.0,32.0
0.0,44.0,28.0,28.0,36.0,20.0,36.0,40.0,28.0
0.0,28.0,32.0,28.0,40.0,24.0,32.0,56.0,48.0
0.0,28.0,32.0,24.0,32.0,72.0,36.0,48.0,32.0
0.0,28.0,48.0,24.0,28.0,88.0,28.0,64.0,32.0
0.0,64.0,40.0,28.0,24.0,56.0,28.0,32.0,60.0
0.0,52.0,28.0,32.0,28.0,56.0,36.0,28.0,60.0
0.0,44.0,28.0,32.0,32.0,48.0,28.0,40.0,40.0
0.0,56.0,36.0,36.0,48.0,28.0,24.0,44.0,36.0
0.0,36.0,36.0,28.0,36.0,28.0,32.0,28.0,32.0
0.0,32.0,32.0,28.0,28.0,24.0,36.0,24.0,32.0
0.0,48.0,28.0,32.0,24.0,32.0,36.0,24.0,32.0
0.0,48.0,24.0,36.0,28.0,40.0,40.0,32.0,40.0
0.0,40.0,24.0,28.0,28.0,44.0,32.0,28.0,44.0
0.0,40.0,24.0,24.0,24.0,24.0,28.0,28.0,40.0
0.0,52.0,28.0,48.0,24.0,20.0,28.0,24.0,36.0
0.0,36.0,28.0,28.0,28.0,44.0,32.0,32.0,28.0
0.0,36.0,28.0,24.0,48.0,32.0,32.0,36.0,28.0
0.0,40.0,48.0,28.0,48.0,28.0,40.0,32.0,40.0
0.0,44.0,36.0,28.0,44.0,28.0,28.0,36.0,36.0
0.0,68.0,24.0,28.0,32.0,28.0,32.0,24.0,32.0
0.0,48.0,28.0,24.0,24.0,36.0,32.0,28.0,44.0
0.0,28.0,40.0,28.0,28.0,40.0,28.0,36.0,32.0
0.0,48.0,40.0,40.0,28.0,52.0,32.0,28.0,32.0
0.0,36.0,36.0,36.0,28.0,48.0,40.0,24.0,28.0
0.0,44.0,32.0,44.0,28.0,32.0,36.0,24.0,24.0
0.0,80.0,28.0,28.0,36.0,28.0,32.0,40.0,28.0
0.0,56.0,28.0,24.0,36.0,40.0,28.0,48.0,60.0
0.0,36.0,28.0,36.0,32.0,68.0,32.0,52.0,56.0
0.0,56.0,24.0,36.0,36.0,44.0,28.0,48.0,40.0
0.0,64.0,28.0,32.0,32.0,40.0,40.0,44.0,36.0
0.0,44.0,24.0,32.0,28.0,28.0,40.0,56.0,60.0
0.0,44.0,24.0,32.0,40.0,44.0,40.0,28.0,64.0
0.0,28.0,28.0,40.0,44.0,32.0,40.0,28.0,64.0
0.0,28.0,24.0,32.0,44.0,28.0,40.0,24.0,40.0
0.0,28.0,28.0,32.0,40.0,28.0,44.0,28.0,28.0
0.0,24.0,40.0,28.0,32.0,32.0,28.0,40.0,40.0
0.0,36.0,48.0,36.0,32.0,32.0,36.0,28.0,24.0
0.0,44.0,52.0,32.0,36.0,28.0,60.0,28.0,28.0
0.0,48.0,32.0,36.0,40.0,24.0,32.0,24.0,32.0
0.0,40.0,24.0,40.0,32.0,28.0,40.0,48.0,24.0
0.0,24.0,24.0,28.0,48.0,36.0,28.0,48.0,32.0
0.0,24.0,24.0,36.0,36.0,40.0,36.0,32.0,28.0
0.0,28.0,28.0,32.0,32.0,40.0,32.0,44.0,56.0
0.0,40.0,28.0,40.0,36.0,24.0,40.0,44.0,56.0
0.0,40.0,36.0,40.0,36.0,28.0,32.0,36.0,36.0
0.0,36.0,24.0,36.0,36.0,32.0,32.0,36.0,36.0
0.0,28.0,28.0,36.0,36.0,36.0,40.0,40.0,36.0
0.0,48.0,32.0,28.0,36.0,28.0,40.0,24.0,32.0
0.0,44.0,28.0,24.0,36.0,24.0,32.0,32.0,36.0
0.0,44.0,24.0,32.0,44.0,36.0,28.0,40.0,32.0
0.0,84.0,28.0,36.0,32.0,32.0,48.0,48.0,36.0
0.0,72.0,32.0,44.0,32.0,24.0,48.0,48.0,24.0
0.0,52.0,24.0,40.0,36.0,28.0,40.0,60.0,24.0
0.0,52.0,20.0,24.0,56.0,36.0,36.0,56.0,28.0
0.0,40.0,32.0,28.0,36.0,92.0,36.0,48.0,36.0
0.0,64.0,32.0,28.0,28.0,52.0,32.0,44.0,56.0
0.0,32.0,24.0,28.0,40.0,40.0,28.0,52.0,60.0
0.0,36.0,28.0,52.0,36.0,64.0,24.0,28.0,32.0
0.0,52.0,44.0,20.0,44.0,52.0,24.0,36.0,28.0
0.0,36.0,36.0,28.0,36.0,36.0,24.0,40.0,32.0
0.0,40.0,32.0,32.0,36.0,44.0,28.0,32.0,40.0
0.0,48.0,28.0,44.0,60.0,32.0,40.0,32.0,32.0
0.0,72.0,24.0,40.0,60.0,32.0,40.0,32.0,32.0
0.0,28.0,24.0,44.0,48.0,28.0,32.0,32.0,40.0
0.0,20.0,24.0,36.0,48.0,24.0,28.0,28.0,40.0
0.0,24.0,32.0,32.0,36.0,24.0,28.0,28.0,24.0
0.0,36.0,36.0,24.0,36.0,52.0,24.0,32.0,28.0
0.0,32.0,32.0,28.0,40.0,56.0,24.0,40.0,24.0
0.0,32.0,32.0,36.0,28.0,72.0,28.0,36.0,36.0
0.0,40.0,36.0,36.0,24.0,44.0,24.0,44.0,52.0
0.0,36.0,28.0,28.0,28.0,28.0,20.0,56.0,48.0
0.0,32.0,36.0,32.0,24.0,28.0,24.0,28.0,40.0
0.0,32.0,44.0,68.0,52.0,32.0,28.0,32.0,40.0
0.0,32.0,44.0,44.0,52.0,28.0,48.0,40.0,40.0
0.0,32.0,52.0,32.0,44.0,28.0,24.0,32.0,40.0
0.0,48.0,48.0,32.0,40.0,28.0,24.0,32.0,24.0
0.0,48.0,36.0,40.0,28.0,32.0,44.0,32.0,24.0
0.0,68.0,24.0,40.0,28.0,36.0,44.0,44.0,24.0
0.0,72.0,28.0,48.0,32.0,32.0,40.0,28.0,24.0
0.0,76.0,28.0,32.0,32.0,28.0,44.0,28.0,24.0
0.0,76.0,32.0,36.0,28.0,76.0,32.0,40.0,24.0
0.0,36.0,36.0,24.0,28.0,72.0,36.0,44.0,24.0
0.0,40.0,28.0,24.0,24.0,48.0,32.0,44.0,40.0
0.0,52.0,24.0,24.0,20.0,24.0,24.0,60.0,40.0
0.0,56.0,28.0,24.0,28.0,36.0,28.0,36.0,48.0
0.0,44.0,28.0,28.0,36.0,28.0,32.0,32.0,28.0
0.0,36.0,28.0,88.0,36.0,28.0,28.0,36.0,32.0
0.0,36.0,28.0,32.0,28.0,36.0,36.0,32.0,32.0
0.0,68.0,28.0,32.0,32.0,36.0,48.0,28.0,36.0
0.0,48.0,32.0,44.0,32.0,28.0,28.0,28.0,40.0
0.0,36.0,32.0,40.0,28.0,32.0,36.0,56.0,36.0
0.0,48.0,24.0,24.0,28.0,28.0,28.0,68.0,40.0
0.0,36.0,28.0,24.0,24.0,28.0,28.0,28.0,48.0
0.0,36.0,24.0,28.0,28.0,32.0,28.0,56.0,32.0
0.0,40.0,28.0,24.0,52.0,36.0,28.0,44.0,24.0
0.0,44.0,32.0,28.0,28.0,44.0,32.0,52.0,24.0
0.0,60.0,32.0,32.0,24.0,32.0,44.0,44.0,28.0
0.0,48.0,40.0,56.0,28.0,32.0,24.0,48.0,24.0
0.0,36.0,28.0,28.0,24.0,40.0,28.0,36.0,40.0
0.0,32.0,64.0,24.0,24.0,44.0,20.0,36.0,28.0
0.0,40.0,72.0,32.0,36.0,32.0,24.0,40.0,32.0
0.0,36.0,32.0,36.0,40.0,32.0,28.0,40.0,40.0
0.0,28.0,32.0,44.0,40.0,28.0,24.0,28.0,40.0
0.0,28.0,24.0,32.0,44.0,32.0,24.0,28.0,28.0
0.0,28.0,24.0,32.0,32.0,40.0,28.0,28.0,40.0
0.0,28.0,28.0,36.0,32.0,40.0,32.0,28.0,36.0
0.0,36.0,28.0,36.0,40.0,24.0,24.0,24.0,28.0
0.0,64.0,24.0,40.0,36.0,36.0,28.0,56.0,28.0
0.0,32.0,24.0,32.0,32.0,80.0,36.0,48.0,32.0
0.0,36.0,32.0,28.0,48.0,72.0,28.0,36.0,28.0
0.0,40.0,28.0,32.0,36.0,24.0,28.0,40.0,28.0
0.0,60.0,24.0,28.0,32.0,28.0,28.0,40.0,28.0
0.0,32.0,28.0,28.0,32.0,32.0,40.0,28.0,32.0
0.0,36.0,32.0,32.0,28.0,32.0,36.0,36.0,44.0
0.0,32.0,28.0,28.0,28.0,32.0,32.0,36.0,48.0
0.0,44.0,40.0,24.0,32.0,24.0,28.0,32.0,48.0
0.0,48.0,32.0,36.0,24.0,24.0,32.0,36.0,40.0
0.0,36.0,32.0,32.0,24.0,28.0,28.0,32.0,28.0
0.0,40.0,32.0,20.0,36.0,36.0,28.0,28.0,32.0
0.0,40.0,28.0,32.0,28.0,32.0,40.0,28.0,28.0
0.0,36.0,28.0,48.0,24.0,28.0,40.0,24.0,32.0
0.0,32.0,28.0,44.0,48.0,56.0,32.0,28.0,48.0
0.0,24.0,24.0,32.0,48.0,68.0,40.0,32.0,36.0
0.0,24.0,20.0,36.0,44.0,32.0,36.0,28.0,28.0
0.0,28.0,24.0,40.0,44.0,28.0,32.0,44.0,28.0
0.0,24.0,28.0,28.0,24.0,28.0,28.0,48.0,28.0
0.0,24.0,40.0,28.0,28.0,24.0,24.0,40.0,28.0
0.0,36.0,40.0,28.0,32.0,28.0,24.0,36.0,40.0
0.0,32.0,36.0,24.0,28.0,32.0,36.0,28.0,40.0
0.0,28.0,36.0,24.0,24.0,32.0,32.0,32.0,44.0
0.0,24.0,28.0,24.0,24.0,24.0,32.0,44.0,24.0
0.0,28.0,28.0,28.0,44.0,28.0,28.0,32.0,28.0
0.0,28.0,24.0,56.0,32.0,32.0,44.0,32.0,28.0
